Name;Productcode;Lengte;Breedte;Dikte;Volume;Aantal;Assemblycode;Bouwnummer;Categorie;Eenheid;Gewicht;IFC bestand;Klant;Materiaal;Modulenaam;Moduletype;Projectnummer;Station
SPANO 10 Dagkant U vensterbank 1739;UN-007239-0001;1739;173;10;0.00300847;1;fail;BN01;Hout Plaat;unit;2.166;Gewoonhout Default Project;K00100;SPANO;GWH-01-BN01-MT-01;MT-01;GWH-01;WS115
LVLQ 33 Vloerbeschot 5 8 A M1 Uarj6;UN-006307-0003;5048;2489.6;33;0.3923839467;1;fail;BN01;Hout LVL;unit;200.116;Gewoonhout Default Project;K00100;LVLQ;GWH-01-BN01-MT-01;MT-01;GWH-01;WS107
LVLQ 69 Randlat 73 7ad9 Usle;UN-006306-0002;728;60;69;0.0025969379;1;fail;BN01;Hout LVL;unit;1.324;Gewoonhout Default Project;K00100;LVLQ;GWH-01-BN01-MT-01;MT-01;GWH-01;WS108
MDF 18 Plafondplaat 5 8 B Uskt5;UN-006305-0002;3356;1036.8;18;0.0624181903;1;fail;BN01;Afwerking;unit;38.075;Gewoonhout Default Project;K00100;MDF;GWH-01-BN01-MT-01;MT-01;GWH-01;WS101
MDF 18 Plafondplaat 5 8 E M1 Extra Luik Ual4;UN-005731-0003;3356;1037;18;0.0498949371;1;fail;BN01;Afwerking;unit;30.436;Gewoonhout Default Project;K00100;MDF;GWH-01-BN01-MT-01;MT-01;GWH-01;WS101
LVLQ 69 Randlat 260 e189 Uahw;UN-005679-0001;2601.2;60;69;0.0103972798;1;fail;BN01;Hout LVL;unit;5.303;Gewoonhout Default Project;K00100;LVLQ;GWH-01-BN01-MT-01;MT-01;GWH-01;WS108
SPANO 10 Meterkastplaat GS;UN-005079-0001;759.2;300.8;10;0.0019752481;1;fail;BN01;Hout Plaat;unit;1.422;Gewoonhout Default Project;K00100;SPANO;GWH-01-BN01-MT-01;MT-01;GWH-01;WS198
LVLQ 69 Randlat 73 7ad9 Uazo;UN-005066-0001;1109.2;60;69;0.0042721507;1;fail;BN01;Hout LVL;unit;2.179;Gewoonhout Default Project;K00100;LVLQ;GWH-01-BN01-MT-01;MT-01;GWH-01;WS108
SPANO 18 Plafondbeschot 5 A Uhjk;UN-005043-0001;3308;1234.3;18;0.0653396397;1;fail;BN01;Hout Plaat;unit;47.045;Gewoonhout Default Project;K00100;SPANO;GWH-01-BN01-MT-01;MT-01;GWH-01;WS107
SPANO 18 Plafondbeschot 5 B Usjt;UN-004991-0001;3308;1216.6;18;0.0690525148;1;fail;BN01;Hout Plaat;unit;49.718;Gewoonhout Default Project;K00100;SPANO;GWH-01-BN01-MT-01;MT-01;GWH-01;WS107
MDF 18 Plafondplaat 5 8 C M1 Uawl;UN-004982-0001;3356;1036.8;18;0.0620496517;1;fail;BN01;Afwerking;unit;37.85;Gewoonhout Default Project;K00100;MDF;GWH-01-BN01-MT-01;MT-01;GWH-01;WS101
MDF 18 Plafondplaat 5 8 A M1 Uwti;UN-004981-0002;3356;1036.8;18;0.0623954547;1;fail;BN01;Afwerking;unit;38.061;Gewoonhout Default Project;K00100;MDF;GWH-01-BN01-MT-01;MT-01;GWH-01;WS101
SPANO 18 Wand 66x107 4c1f Ujft2;UN-004971-0001;1048.4;651.9;18;0.0118329099;1;fail;BN01;Hout Plaat;unit;8.52;Gewoonhout Default Project;K00100;SPANO;GWH-01-BN01-MT-01;MT-01;GWH-01;WS109
LVLQ 33 Vloerbeschot 5 8 B M1 Ulok;UN-004967-0002;5048;818;33;0.1247244999;1;fail;BN01;Hout LVL;unit;63.609;Gewoonhout Default Project;K00100;LVLQ;GWH-01-BN01-MT-01;MT-01;GWH-01;WS107
LVLQ 33 Achterhout Luifel;UN-004892-0001;1100;165;27;0.0049005;1;fail;BN01;Hout LVL;unit;2.499;Gewoonhout Default Project;K00100;LVLQ;GWH-01-BN01-MT-01;MT-01;GWH-01;WS108
LVLS 45 Kozijnregel 1849;UN-004752-0001;1849;45;45;0.003744225;1;fail;BN01;Hout LVL;unit;1.91;Gewoonhout Default Project;K00100;LVLS;GWH-01-BN01-MT-01;MT-01;GWH-01;WS108
LVLS 45 Luifelklos;UN-004736-0001;617;190;45;0.00527535;1;fail;BN01;Hout LVL;unit;2.69;Gewoonhout Default Project;K00100;LVLS;GWH-01-BN01-MT-01;MT-01;GWH-01;WS101
LVLS 45 Luifelklos;UN-004736-0001;617;190;45;0.00527535;1;fail;BN01;Hout LVL;unit;2.69;Gewoonhout Default Project;K00100;LVLS;GWH-01-BN01-MT-01;MT-01;GWH-01;WS101
LVLS 63 Luifelklos;UN-004735-0001;160;99;63;0.0009969403;1;fail;BN01;Hout LVL;unit;0.508;Gewoonhout Default Project;K00100;LVLS;GWH-01-BN01-MT-01;MT-01;GWH-01;WS108
LVLS 63 Luifelklos;UN-004735-0001;160;99;63;0.0009969403;1;fail;BN01;Hout LVL;unit;0.508;Gewoonhout Default Project;K00100;LVLS;GWH-01-BN01-MT-01;MT-01;GWH-01;WS108
LVLS 63 Luifelklos;UN-004735-0001;160;99;63;0.0009969403;1;fail;BN01;Hout LVL;unit;0.508;Gewoonhout Default Project;K00100;LVLS;GWH-01-BN01-MT-01;MT-01;GWH-01;WS108
LVLS 63 Luifelklos;UN-004735-0001;160;99;63;0.0009969403;1;fail;BN01;Hout LVL;unit;0.508;Gewoonhout Default Project;K00100;LVLS;GWH-01-BN01-MT-01;MT-01;GWH-01;WS108
LVLS 63 Gevelregel 8 U3;UN-004734-0003;2865.9;60;63;0.0108326196;1;fail;BN01;Hout LVL;unit;5.525;Gewoonhout Default Project;K00100;LVLS;GWH-01-BN01-MT-01;MT-01;GWH-01;WS101
LVLS 63 Gevelregel 8 U2;UN-004733-0002;554.7;60;63;0.0020962866;1;fail;BN01;Hout LVL;unit;1.069;Gewoonhout Default Project;K00100;LVLS;GWH-01-BN01-MT-01;MT-01;GWH-01;WS101
LVLS 63 Gevelregel 8 U1;UN-004732-0002;1361.8;60;63;0.0051471173;1;fail;BN01;Hout LVL;unit;2.625;Gewoonhout Default Project;K00100;LVLS;GWH-01-BN01-MT-01;MT-01;GWH-01;WS101
CEM 10 Onderplaat 5 8 U M16 GS;UN-001540-0001;3348;174;10;0.0057107869;1;fail;BN01;Hout Plaat;unit;7.138;Gewoonhout Default Project;K00100;CEM;GWH-01-BN01-MT-01;MT-01;GWH-01;WS102
CEM 10 MK Klep 2;UN-000578-0001;479.2;141;10;0.0006179469;1;fail;BN01;Hout Plaat;unit;0.772;Gewoonhout Default Project;K00100;CEM;GWH-01-BN01-MT-01;MT-01;GWH-01;WS198
CEM 10 MK Klep 1;UN-000577-0001;479.2;178;10;0.0007567668;1;fail;BN01;Hout Plaat;unit;0.946;Gewoonhout Default Project;K00100;CEM;GWH-01-BN01-MT-01;MT-01;GWH-01;WS198
SPANO 18 Vloerklep U Klein;UN-000461-0001;523.4;256.6;18;0.002;1;fail;BN01;Hout Plaat;unit;1.516;Gewoonhout Default Project;K00100;SPANO;GWH-01-BN01-MT-01;MT-01;GWH-01;WS198
CEM 10 Onderplaat 5 A MK;UN-000388-0003;3348;1248;10;0.0399716912;1;fail;BN01;Hout Plaat;unit;55.96;Gewoonhout Default Project;K00100;CEM;GWH-01-BN01-MT-01;MT-01;GWH-01;WS102
CEM 10 Onderplaat 5 B MT01;UN-000386-0001;3348;1248;10;0.04;1;fail;BN01;Hout Plaat;unit;50.423;Gewoonhout Default Project;K00100;CEM;GWH-01-BN01-MT-01;MT-01;GWH-01;WS102
CEM 10 Vloerklep Riool;UN-000385-0001;410;250;10;0.001025;1;fail;BN01;Hout Plaat;unit;1.281;Gewoonhout Default Project;K00100;CEM;GWH-01-BN01-MT-01;MT-01;GWH-01;WS102
CEM 10 Vloerklep Riool Gat;UN-000384-0001;410;250;10;0.0009470411;1;fail;BN01;Hout Plaat;unit;1.173;Gewoonhout Default Project;K00100;CEM;GWH-01-BN01-MT-01;MT-01;GWH-01;WS102
SPANO 10 Meterkast Vulplaat;UN-000076-0001;250;240;10;0.0006;1;fail;BN01;Hout Plaat;unit;0.378;Gewoonhout Default Project;K00100;SPANO;GWH-01-BN01-MT-01;MT-01;GWH-01;WS102
SPANO 10 Meterkast Vulplaat;UN-000076-0001;250;240;10;0.0006;1;fail;BN01;Hout Plaat;unit;0.378;Gewoonhout Default Project;K00100;SPANO;GWH-01-BN01-MT-01;MT-01;GWH-01;WS102
MDFO 18 Plafondklep MK 1;UN-000060-0001;410;190;18;0.0013669071;1;fail;BN01;Afwerking;unit;0.889;Gewoonhout Default Project;K00100;MDFO;GWH-01-BN01-MT-01;MT-01;GWH-01;WS198
MDF 18 Plafondplaat MK;UN-000059-0002;728.4;353.5;18;0.0031789717;1;fail;BN01;Afwerking;unit;2.066;Gewoonhout Default Project;K00100;MDF;GWH-01-BN01-MT-01;MT-01;GWH-01;WS198
LVLQ 33 Vloerluik;UN-000044-0001;822.8;247.8;33;0.006;1;fail;BN01;Hout LVL;unit;3.262;Gewoonhout Default Project;K00100;LVLQ;GWH-01-BN01-MT-01;MT-01;GWH-01;WS198
STAAL Funderingsanker Woningscheidend 4 Modules;SP-006514-0001;420;362;150;0.005355641;1;fail;BN01;Schroeven en ankers;unit;41.774;Gewoonhout Default Project;K00100;STAAL;GWH-01-BN01-MT-01;MT-01;GWH-01;WS198
STAAL Funderingsanker Normaal 1 Module;SP-006510-0001;275;231;150;0.0018378205;1;fail;BN01;Schroeven en ankers;unit;14.335;Gewoonhout Default Project;K00100;STAAL;GWH-01-BN01-MT-01;MT-01;GWH-01;WS198
STAAL Funderingsvoet B;SP-000674-0001;420;159;158;0.0007994872;1;MV-5-8-0-R0=(1.0.0.0).R1=(0.1.0.0).R2=(0.0.1.0).R3=(0.0.0.1);BN01;Schroeven en ankers;unit;6.236;Gewoonhout Default Project;K00100;STAAL;GWH-01-BN01-MT-01;MT-01;GWH-01;WS102
STAAL Funderingsvoet B;SP-000674-0001;420;159;158;0.0007994872;1;MV-5-8-0-R0=(1.0.0.0).R1=(0.1.0.0).R2=(0.0.1.0).R3=(0.0.0.1);BN01;Schroeven en ankers;unit;6.236;Gewoonhout Default Project;K00100;STAAL;GWH-01-BN01-MT-01;MT-01;GWH-01;WS102
STAAL Funderingsvoet A;SP-000673-0001;420;159;158;0.0007994872;1;MV-5-8-0-R0=(1.0.0.0).R1=(0.1.0.0).R2=(0.0.1.0).R3=(0.0.0.1);BN01;Schroeven en ankers;unit;6.236;Gewoonhout Default Project;K00100;STAAL;GWH-01-BN01-MT-01;MT-01;GWH-01;WS102
STAAL Funderingsvoet A;SP-000673-0001;420;159;158;0.0007994872;1;MV-5-8-0-R0=(1.0.0.0).R1=(0.1.0.0).R2=(0.0.1.0).R3=(0.0.0.1);BN01;Schroeven en ankers;unit;6.236;Gewoonhout Default Project;K00100;STAAL;GWH-01-BN01-MT-01;MT-01;GWH-01;WS102
Luifel;EP-010545-0001;1140;411;125;0.0371330377;1;fail;BN01;Overig;unit;102.302;Gewoonhout Default Project;K00100;ALUM;GWH-01-BN01-MT-01;MT-01;GWH-01;WS199
Gevelfolie waterkerend damp-open gevel A2;EP-008004-0001;104;80;39;0.0002;0.011;fail;BN01;Folies;m2;0.002;Gewoonhout Default Project;K00100;DAMPF;GWH-01-BN01-MT-01;MT-01;GWH-01;WS112
Gevelfolie waterkerend damp-open gevel A2;EP-008004-0001;80;67;47;0.0002;0.009;fail;BN01;Folies;m2;0.002;Gewoonhout Default Project;K00100;DAMPF;GWH-01-BN01-MT-01;MT-01;GWH-01;WS112
Gevelfolie waterkerend damp-open gevel A2;EP-008004-0001;3056;80;58;0.000211;0.422;fail;BN01;Folies;m2;0.089;Gewoonhout Default Project;K00100;DAMPF;GWH-01-BN01-MT-01;MT-01;GWH-01;WS112
Windstopper 4.5mm;EP-007170-0001;2518;111;4;0.001674;0.372;MC-0-0-1-0-0-1-0-R0=(-1.0.0.-1679).R1=(0.-1.0.2594).R2=(0.0.1.0).R3=(0.0.0.1);BN01;Hout Plaat;m2;7.345;Gewoonhout Default Project;K00100;CEM;GWH-01-BN01-MT-01;MT-01;GWH-01;WS116
Windstopper 4.5mm;EP-007170-0001;111;49;4;0.0002;0.005;MC-0-0-1-0-0-1-0-R0=(-1.0.0.-1679).R1=(0.-1.0.2594).R2=(0.0.1.0).R3=(0.0.0.1);BN01;Hout Plaat;m2;0.099;Gewoonhout Default Project;K00100;CEM;GWH-01-BN01-MT-01;MT-01;GWH-01;WS116
Moer volgens opgave constructeur;EP-006517-0001;25;25;16;0.0002;1;fail;BN01;Schroeven en ankers;unit;0.053;Gewoonhout Default Project;K00100;STAAL;GWH-01-BN01-MT-01;MT-01;GWH-01;WS198
Moer volgens opgave constructeur;EP-006517-0001;25;25;16;0.0002;1;fail;BN01;Schroeven en ankers;unit;0.053;Gewoonhout Default Project;K00100;STAAL;GWH-01-BN01-MT-01;MT-01;GWH-01;WS198
Moer volgens opgave constructeur;EP-006517-0001;25;25;16;0.0002;1;fail;BN01;Schroeven en ankers;unit;0.053;Gewoonhout Default Project;K00100;STAAL;GWH-01-BN01-MT-01;MT-01;GWH-01;WS198
Moer volgens opgave constructeur;EP-006517-0001;25;25;16;0.0002;1;fail;BN01;Schroeven en ankers;unit;0.053;Gewoonhout Default Project;K00100;STAAL;GWH-01-BN01-MT-01;MT-01;GWH-01;WS198
Moer volgens opgave constructeur;EP-006517-0001;25;25;16;0.0002;1;fail;BN01;Schroeven en ankers;unit;0.053;Gewoonhout Default Project;K00100;STAAL;GWH-01-BN01-MT-01;MT-01;GWH-01;WS198
Moer volgens opgave constructeur;EP-006517-0001;25;25;16;0.0002;1;fail;BN01;Schroeven en ankers;unit;0.053;Gewoonhout Default Project;K00100;STAAL;GWH-01-BN01-MT-01;MT-01;GWH-01;WS198
Volgring volgens opgave constructeur;EP-006516-0001;70;61;6;0.0002;1;fail;BN01;Schroeven en ankers;unit;0.139;Gewoonhout Default Project;K00100;STAAL;GWH-01-BN01-MT-01;MT-01;GWH-01;WS198
Volgring volgens opgave constructeur;EP-006516-0001;70;61;6;0.0002;1;fail;BN01;Schroeven en ankers;unit;0.139;Gewoonhout Default Project;K00100;STAAL;GWH-01-BN01-MT-01;MT-01;GWH-01;WS198
Volgring volgens opgave constructeur;EP-006516-0001;70;61;6;0.0002;1;fail;BN01;Schroeven en ankers;unit;0.139;Gewoonhout Default Project;K00100;STAAL;GWH-01-BN01-MT-01;MT-01;GWH-01;WS198
Volgring volgens opgave constructeur;EP-006516-0001;70;61;6;0.0002;1;fail;BN01;Schroeven en ankers;unit;0.139;Gewoonhout Default Project;K00100;STAAL;GWH-01-BN01-MT-01;MT-01;GWH-01;WS198
Volgring volgens opgave constructeur;EP-006516-0001;70;61;6;0.0002;1;fail;BN01;Schroeven en ankers;unit;0.139;Gewoonhout Default Project;K00100;STAAL;GWH-01-BN01-MT-01;MT-01;GWH-01;WS198
Volgring volgens opgave constructeur;EP-006516-0001;70;61;6;0.0002;1;fail;BN01;Schroeven en ankers;unit;0.139;Gewoonhout Default Project;K00100;STAAL;GWH-01-BN01-MT-01;MT-01;GWH-01;WS198
Anker volgens opgave constructeur;EP-006515-0001;460;14;14;0.0002;1;fail;BN01;Schroeven en ankers;unit;0.92;Gewoonhout Default Project;K00100;STAAL;GWH-01-BN01-MT-01;MT-01;GWH-01;WS198
Anker volgens opgave constructeur;EP-006515-0001;460;14;14;0.0002;1;fail;BN01;Schroeven en ankers;unit;0.92;Gewoonhout Default Project;K00100;STAAL;GWH-01-BN01-MT-01;MT-01;GWH-01;WS198
Anker volgens opgave constructeur;EP-006515-0001;460;14;14;0.0002;1;fail;BN01;Schroeven en ankers;unit;0.92;Gewoonhout Default Project;K00100;STAAL;GWH-01-BN01-MT-01;MT-01;GWH-01;WS198
Anker volgens opgave constructeur;EP-006515-0001;460;14;14;0.0002;1;fail;BN01;Schroeven en ankers;unit;0.92;Gewoonhout Default Project;K00100;STAAL;GWH-01-BN01-MT-01;MT-01;GWH-01;WS198
Anker volgens opgave constructeur;EP-006515-0001;460;14;14;0.0002;1;fail;BN01;Schroeven en ankers;unit;0.92;Gewoonhout Default Project;K00100;STAAL;GWH-01-BN01-MT-01;MT-01;GWH-01;WS198
Anker volgens opgave constructeur;EP-006515-0001;460;14;14;0.0002;1;fail;BN01;Schroeven en ankers;unit;0.92;Gewoonhout Default Project;K00100;STAAL;GWH-01-BN01-MT-01;MT-01;GWH-01;WS198
Geperforeerd hoekprofiel 40x30;EP-005087-0001;1246;40;30;0.00032974326;1.286;fail;BN01;Schroeven en ankers;m1;2.572;Gewoonhout Default Project;K00100;STAAL;GWH-01-BN01-MT-01;MT-01;GWH-01;WS116
Geperforeerd hoekprofiel 40x30;EP-005087-0001;1246;40;30;0.00032974326;1.286;fail;BN01;Schroeven en ankers;m1;2.572;Gewoonhout Default Project;K00100;STAAL;GWH-01-BN01-MT-01;MT-01;GWH-01;WS116
Geperforeerd hoekprofiel 40x30;EP-005087-0001;2857;40;30;0.0002179485;0.85;fail;BN01;Schroeven en ankers;m1;1.7;Gewoonhout Default Project;K00100;STAAL;GWH-01-BN01-MT-01;MT-01;GWH-01;WS116
Geperforeerd hoekprofiel 40x30;EP-005087-0001;2857;40;30;0.0002179485;0.85;fail;BN01;Schroeven en ankers;m1;1.7;Gewoonhout Default Project;K00100;STAAL;GWH-01-BN01-MT-01;MT-01;GWH-01;WS116
Geperforeerd hoekprofiel 40x30;EP-005087-0001;3398;40;30;0.0008641017;3.37;fail;BN01;Schroeven en ankers;m1;6.74;Gewoonhout Default Project;K00100;STAAL;GWH-01-BN01-MT-01;MT-01;GWH-01;WS116
Geperforeerd hoekprofiel 40x30;EP-005087-0001;3398;40;30;0.0008641017;3.37;fail;BN01;Schroeven en ankers;m1;6.74;Gewoonhout Default Project;K00100;STAAL;GWH-01-BN01-MT-01;MT-01;GWH-01;WS116
Waterslag;EP-003340-0001;3428;83;19;0.0002;3.391;fail;BN01;Schroeven en ankers;m1;1.187;Gewoonhout Default Project;K00100;STAAL;GWH-01-BN01-MT-01;MT-01;GWH-01;WS116
Waterslag 20x20;EP-003319-0001;1246;83;19;0.0002;1.286;fail;BN01;Schroeven en ankers;m1;0.45;Gewoonhout Default Project;K00100;STAAL;GWH-01-BN01-MT-01;MT-01;GWH-01;WS116
Waterslag 20x20;EP-003319-0001;2887;83;19;0.0002;0.88;fail;BN01;Schroeven en ankers;m1;0.308;Gewoonhout Default Project;K00100;STAAL;GWH-01-BN01-MT-01;MT-01;GWH-01;WS116
Steenwol strip;EP-000670-0001;3083;214;20;0.0092684;3.196;MPR-5-1-0-0-R0=(0.0.-1.0).R1=(0.1.0.2594).R2=(1.0.0.0).R3=(0.0.0.1);BN01;Isolatiemateriaal;m1;0.575;Gewoonhout Default Project;K00100;STEW;GWH-01-BN01-MT-01;MT-01;GWH-01;WS198
Steenwol strip;EP-000670-0001;4888;190;20;0.0146972;5.068;MPR-8-3-1-0-R0=(0.-1.0.-1679).R1=(0.0.-1.0).R2=(1.0.0.0).R3=(0.0.0.1);BN01;Isolatiemateriaal;m1;0.912;Gewoonhout Default Project;K00100;STEW;GWH-01-BN01-MT-01;MT-01;GWH-01;WS198
Steenwol strip;EP-000670-0001;3058;214;20;0.0096686;3.334;MPR-5-0-0-0-R0=(0.0.1.0).R1=(0.-1.0.-2594).R2=(1.0.0.0).R3=(0.0.0.1);BN01;Isolatiemateriaal;m1;0.6;Gewoonhout Default Project;K00100;STEW;GWH-01-BN01-MT-01;MT-01;GWH-01;WS198
STAAL WHT540;EP-000651-0001;540;63;60;0.0002;1;MP-5-8-0-R0=(1.0.0.0).R1=(0.1.0.0).R2=(0.0.1.0).R3=(0.0.0.1);BN01;Schroeven en ankers;unit;1.26;Gewoonhout Default Project;K00100;STAAL;GWH-01-BN01-MT-01;MT-01;GWH-01;WS102
STAAL WHT540;EP-000651-0001;540;63;60;0.0002;1;MP-5-8-0-R0=(1.0.0.0).R1=(0.1.0.0).R2=(0.0.1.0).R3=(0.0.0.1);BN01;Schroeven en ankers;unit;1.26;Gewoonhout Default Project;K00100;STAAL;GWH-01-BN01-MT-01;MT-01;GWH-01;WS102
STAAL WHT540;EP-000651-0001;540;63;60;0.0002;1;MP-5-8-0-R0=(1.0.0.0).R1=(0.1.0.0).R2=(0.0.1.0).R3=(0.0.0.1);BN01;Schroeven en ankers;unit;1.26;Gewoonhout Default Project;K00100;STAAL;GWH-01-BN01-MT-01;MT-01;GWH-01;WS102
STAAL WHT540;EP-000651-0001;540;63;60;0.0002;1;MP-5-8-0-R0=(1.0.0.0).R1=(0.1.0.0).R2=(0.0.1.0).R3=(0.0.0.1);BN01;Schroeven en ankers;unit;1.26;Gewoonhout Default Project;K00100;STAAL;GWH-01-BN01-MT-01;MT-01;GWH-01;WS102
Tellerkop 6x120 deeldraad;EP-000641-0001;120;6;6;0.0002;1;MC-0-3-2-0-0-1-0-R0=(0.-1.0.1679).R1=(1.0.0.2594).R2=(0.0.1.0).R3=(0.0.0.1);BN01;Schroeven en ankers;unit;0.015;Gewoonhout Default Project;K00100;STAAL;GWH-01-BN01-MT-01;MT-01;GWH-01;WS198
Tellerkop 6x120 deeldraad;EP-000641-0001;120;6;6;0.0002;1;MC-0-3-2-0-0-1-0-R0=(0.-1.0.1679).R1=(1.0.0.2594).R2=(0.0.1.0).R3=(0.0.0.1);BN01;Schroeven en ankers;unit;0.015;Gewoonhout Default Project;K00100;STAAL;GWH-01-BN01-MT-01;MT-01;GWH-01;WS198
Tellerkop 6x120 deeldraad;EP-000641-0001;120;6;6;0.0002;1;MC-0-3-2-0-0-1-0-R0=(0.-1.0.1679).R1=(1.0.0.2594).R2=(0.0.1.0).R3=(0.0.0.1);BN01;Schroeven en ankers;unit;0.015;Gewoonhout Default Project;K00100;STAAL;GWH-01-BN01-MT-01;MT-01;GWH-01;WS198
Tellerkop 6x120 deeldraad;EP-000641-0001;120;6;6;0.0002;1;MC-0-3-2-0-0-1-0-R0=(0.-1.0.1679).R1=(1.0.0.2594).R2=(0.0.1.0).R3=(0.0.0.1);BN01;Schroeven en ankers;unit;0.015;Gewoonhout Default Project;K00100;STAAL;GWH-01-BN01-MT-01;MT-01;GWH-01;WS198
Tellerkop 6x120 deeldraad;EP-000641-0001;120;6;6;0.0002;1;MC-0-3-2-0-0-1-0-R0=(0.-1.0.1679).R1=(1.0.0.2594).R2=(0.0.1.0).R3=(0.0.0.1);BN01;Schroeven en ankers;unit;0.015;Gewoonhout Default Project;K00100;STAAL;GWH-01-BN01-MT-01;MT-01;GWH-01;WS198
Tellerkop 6x120 deeldraad;EP-000641-0001;120;6;6;0.0002;1;MC-0-0-2-0-0-0-0-R0=(1.0.0.1679).R1=(0.1.0.-2594).R2=(0.0.1.0).R3=(0.0.0.1);BN01;Schroeven en ankers;unit;0.015;Gewoonhout Default Project;K00100;STAAL;GWH-01-BN01-MT-01;MT-01;GWH-01;WS198
Tellerkop 6x120 deeldraad;EP-000641-0001;120;6;6;0.0002;1;MC-0-0-2-0-0-0-0-R0=(1.0.0.1679).R1=(0.1.0.-2594).R2=(0.0.1.0).R3=(0.0.0.1);BN01;Schroeven en ankers;unit;0.015;Gewoonhout Default Project;K00100;STAAL;GWH-01-BN01-MT-01;MT-01;GWH-01;WS198
Tellerkop 6x120 deeldraad;EP-000641-0001;120;6;6;0.0002;1;MC-0-0-2-0-0-0-0-R0=(1.0.0.1679).R1=(0.1.0.-2594).R2=(0.0.1.0).R3=(0.0.0.1);BN01;Schroeven en ankers;unit;0.015;Gewoonhout Default Project;K00100;STAAL;GWH-01-BN01-MT-01;MT-01;GWH-01;WS198
Tellerkop 6x120 deeldraad;EP-000641-0001;120;6;6;0.0002;1;MC-0-0-2-0-0-0-0-R0=(1.0.0.1679).R1=(0.1.0.-2594).R2=(0.0.1.0).R3=(0.0.0.1);BN01;Schroeven en ankers;unit;0.015;Gewoonhout Default Project;K00100;STAAL;GWH-01-BN01-MT-01;MT-01;GWH-01;WS198
Tellerkop 6x120 deeldraad;EP-000641-0001;120;6;6;0.0002;1;MC-0-0-2-0-0-0-0-R0=(1.0.0.1679).R1=(0.1.0.-2594).R2=(0.0.1.0).R3=(0.0.0.1);BN01;Schroeven en ankers;unit;0.015;Gewoonhout Default Project;K00100;STAAL;GWH-01-BN01-MT-01;MT-01;GWH-01;WS198
Compriband stapeling;EP-000631-0001;3358;60;16;0.0010074;3.358;MVR-5-1-0-0-R0=(0.0.-1.0).R1=(0.1.0.2594).R2=(1.0.0.0).R3=(0.0.0.1);BN01;Luchtdichting;m1;0.091;Gewoonhout Default Project;K00100;OPUZ;GWH-01-BN01-MT-01;MT-01;GWH-01;WS198
Compriband stapeling;EP-000631-0001;150;40;20;0.0002;0.15;MC-0-0-1-0-0-1-0-R0=(-1.0.0.-1679).R1=(0.-1.0.2594).R2=(0.0.1.0).R3=(0.0.0.1);BN01;Luchtdichting;m1;0.004;Gewoonhout Default Project;K00100;OPUZ;GWH-01-BN01-MT-01;MT-01;GWH-01;WS198
Compriband stapeling;EP-000631-0001;150;40;20;0.0002;0.15;MC-0-3-2-0-0-1-0-R0=(0.-1.0.1679).R1=(1.0.0.2594).R2=(0.0.1.0).R3=(0.0.0.1);BN01;Luchtdichting;m1;0.004;Gewoonhout Default Project;K00100;OPUZ;GWH-01-BN01-MT-01;MT-01;GWH-01;WS198
Compriband stapeling;EP-000631-0001;3058;109;40;0.0009588;3.196;MPR-5-1-0-0-R0=(0.0.-1.0).R1=(0.1.0.2594).R2=(1.0.0.0).R3=(0.0.0.1);BN01;Luchtdichting;m1;0.086;Gewoonhout Default Project;K00100;OPUZ;GWH-01-BN01-MT-01;MT-01;GWH-01;WS198
Compriband stapeling;EP-000631-0001;145;32;30;0.0002;0.145;MC-0-0-1-0-0-1-0-R0=(-1.0.0.-1679).R1=(0.-1.0.2594).R2=(0.0.1.0).R3=(0.0.0.1);BN01;Luchtdichting;m1;0.004;Gewoonhout Default Project;K00100;OPUZ;GWH-01-BN01-MT-01;MT-01;GWH-01;WS198
Compriband stapeling;EP-000631-0001;4898;32;30;0.0014739;4.913;FTT-5188-0-R0=(0.0.-1.-1679).R1=(-1.0.0.2594).R2=(0.1.0.0).R3=(0.0.0.1);BN01;Luchtdichting;m1;0.133;Gewoonhout Default Project;K00100;OPUZ;GWH-01-BN01-MT-01;MT-01;GWH-01;WS198
Compriband stapeling;EP-000631-0001;175;175;32;0.0002;0.32;MC-0-1-0-0-0-0-0-R0=(0.1.0.-1679).R1=(-1.0.0.-2594).R2=(0.0.1.0).R3=(0.0.0.1);BN01;Luchtdichting;m1;0.009;Gewoonhout Default Project;K00100;OPUZ;GWH-01-BN01-MT-01;MT-01;GWH-01;WS198
Compriband stapeling;EP-000631-0001;3068;32;30;0.0009249;3.083;FTT-3358-0-R0=(1.0.0.-1679).R1=(0.0.-1.-2594).R2=(0.1.0.0).R3=(0.0.0.1);BN01;Luchtdichting;m1;0.083;Gewoonhout Default Project;K00100;OPUZ;GWH-01-BN01-MT-01;MT-01;GWH-01;WS198
Compriband stapeling;EP-000631-0001;145;32;30;0.0002;0.145;MC-0-0-2-0-0-0-0-R0=(1.0.0.1679).R1=(0.1.0.-2594).R2=(0.0.1.0).R3=(0.0.0.1);BN01;Luchtdichting;m1;0.004;Gewoonhout Default Project;K00100;OPUZ;GWH-01-BN01-MT-01;MT-01;GWH-01;WS198
Luchtdichte tape buiten 60mm;EP-000629-0001;60;55;1;0.0002;0.055;eab86712-8278-423e-9ef7-c9b6fbb69dee-MVR-5-1-0-0-R0=(0.0.-1.0).R1=(0.1.0.2594).R2=(1.0.0.0).R3=(0.0.0.1);BN01;Luchtdichting;m1;0.001;Gewoonhout Default Project;K00100;LDPE;GWH-01-BN01-MT-01;MT-01;GWH-01;WS107
Luchtdichte tape buiten 60mm;EP-000629-0001;3072;2619;20;0.000311955915;11.355;FS-0-3358-R0=(-1.0.0.145).R1=(0.0.1.2594).R2=(0.1.0.0).R3=(0.0.0.1);BN01;Luchtdichting;m1;0.284;Gewoonhout Default Project;K00100;LDPE;GWH-01-BN01-MT-01;MT-01;GWH-01;WS109
Ontkoppelstrip 6mm;EP-000625-0001;160;69;62;0.0002;0.261;MPR-5-1-0-0-R0=(0.0.-1.0).R1=(0.1.0.2594).R2=(1.0.0.0).R3=(0.0.0.1);BN01;Overig;m1;0.047;Gewoonhout Default Project;K00100;HDPE;GWH-01-BN01-MT-01;MT-01;GWH-01;WS101
Ontkoppelstrip 6mm;EP-000625-0001;410;62;45;0.0002;0.511;MPR-8-3-1-0-R0=(0.-1.0.-1679).R1=(0.0.-1.0).R2=(1.0.0.0).R3=(0.0.0.1);BN01;Overig;m1;0.092;Gewoonhout Default Project;K00100;HDPE;GWH-01-BN01-MT-01;MT-01;GWH-01;WS101
Ontkoppelstrip 6mm;EP-000625-0001;410;62;45;0.0002;0.511;MPR-8-3-1-0-R0=(0.-1.0.-1679).R1=(0.0.-1.0).R2=(1.0.0.0).R3=(0.0.0.1);BN01;Overig;m1;0.092;Gewoonhout Default Project;K00100;HDPE;GWH-01-BN01-MT-01;MT-01;GWH-01;WS101
Ontkoppelstrip 6mm;EP-000625-0001;410;62;45;0.0002;0.511;MPR-8-2-1-0-R0=(0.1.0.1679).R1=(0.0.1.0).R2=(1.0.0.0).R3=(0.0.0.1);BN01;Overig;m1;0.092;Gewoonhout Default Project;K00100;HDPE;GWH-01-BN01-MT-01;MT-01;GWH-01;WS101
Ontkoppelstrip 6mm;EP-000625-0001;160;69;62;0.0002;0.261;MPR-5-0-0-0-R0=(0.0.1.0).R1=(0.-1.0.-2594).R2=(1.0.0.0).R3=(0.0.0.1);BN01;Overig;m1;0.047;Gewoonhout Default Project;K00100;HDPE;GWH-01-BN01-MT-01;MT-01;GWH-01;WS101
Ontkoppelstrip 6mm;EP-000625-0001;160;69;62;0.0002;0.261;MPR-5-0-0-0-R0=(0.0.1.0).R1=(0.-1.0.-2594).R2=(1.0.0.0).R3=(0.0.0.1);BN01;Overig;m1;0.047;Gewoonhout Default Project;K00100;HDPE;GWH-01-BN01-MT-01;MT-01;GWH-01;WS101
WHT washer WHTW50 staal;EP-000589-0001;56;50;10;0.0002;1;MP-5-8-0-R0=(1.0.0.0).R1=(0.1.0.0).R2=(0.0.1.0).R3=(0.0.0.1);BN01;Schroeven en ankers;unit;0.2;Gewoonhout Default Project;K00100;STAAL;GWH-01-BN01-MT-01;MT-01;GWH-01;WS198
WHT washer WHTW50 staal;EP-000589-0001;56;50;10;0.0002;1;MP-5-8-0-R0=(1.0.0.0).R1=(0.1.0.0).R2=(0.0.1.0).R3=(0.0.0.1);BN01;Schroeven en ankers;unit;0.2;Gewoonhout Default Project;K00100;STAAL;GWH-01-BN01-MT-01;MT-01;GWH-01;WS198
WHT washer WHTW50 staal;EP-000589-0001;56;50;10;0.0002;1;MP-5-8-0-R0=(1.0.0.0).R1=(0.1.0.0).R2=(0.0.1.0).R3=(0.0.0.1);BN01;Schroeven en ankers;unit;0.2;Gewoonhout Default Project;K00100;STAAL;GWH-01-BN01-MT-01;MT-01;GWH-01;WS198
WHT washer WHTW50 staal;EP-000589-0001;56;50;10;0.0002;1;MP-5-8-0-R0=(1.0.0.0).R1=(0.1.0.0).R2=(0.0.1.0).R3=(0.0.0.1);BN01;Schroeven en ankers;unit;0.2;Gewoonhout Default Project;K00100;STAAL;GWH-01-BN01-MT-01;MT-01;GWH-01;WS198
Pre seal soft 20x190x160mm;EP-000545-0001;190;160;20;0.000608;1;fail;BN01;Luchtdichting;unit;0.018;Gewoonhout Default Project;K00100;AIRS;GWH-01-BN01-MT-01;MT-01;GWH-01;WS101
Pre seal soft 20x190x160mm;EP-000545-0001;190;160;20;0.000608;1;fail;BN01;Luchtdichting;unit;0.018;Gewoonhout Default Project;K00100;AIRS;GWH-01-BN01-MT-01;MT-01;GWH-01;WS101
Pre seal soft 20x190x160mm;EP-000545-0001;190;160;20;0.000608;1;fail;BN01;Luchtdichting;unit;0.018;Gewoonhout Default Project;K00100;AIRS;GWH-01-BN01-MT-01;MT-01;GWH-01;WS101
Airseal 40x110mm;EP-000544-0001;108;108;40;0.0044;1;fail;BN01;Luchtdichting;unit;0.132;Gewoonhout Default Project;K00100;AIRS;GWH-01-BN01-MT-01;MT-01;GWH-01;WS101
Airseal 40x110mm;EP-000544-0001;108;108;40;0.0044;1;fail;BN01;Luchtdichting;unit;0.132;Gewoonhout Default Project;K00100;AIRS;GWH-01-BN01-MT-01;MT-01;GWH-01;WS101
Airseal 40x110mm;EP-000544-0001;108;108;40;0.0044;1;fail;BN01;Luchtdichting;unit;0.132;Gewoonhout Default Project;K00100;AIRS;GWH-01-BN01-MT-01;MT-01;GWH-01;WS101
Spaanplaatschroef 5x120 deeldraad;EP-000410-0001;120;5;5;0.0002;1;FS-0-3358-R0=(-1.0.0.145).R1=(0.0.1.2594).R2=(0.1.0.0).R3=(0.0.0.1);BN01;Schroeven en ankers;unit;0.01;Gewoonhout Default Project;K00100;STAAL;GWH-01-BN01-MT-01;MT-01;GWH-01;WS114
Spaanplaatschroef 5x120 deeldraad;EP-000410-0001;120;5;5;0.0002;1;FS-0-3358-R0=(-1.0.0.145).R1=(0.0.1.2594).R2=(0.1.0.0).R3=(0.0.0.1);BN01;Schroeven en ankers;unit;0.01;Gewoonhout Default Project;K00100;STAAL;GWH-01-BN01-MT-01;MT-01;GWH-01;WS114
Spaanplaatschroef 5x120 deeldraad;EP-000410-0001;120;5;5;0.0002;1;FS-0-3358-R0=(-1.0.0.145).R1=(0.0.1.2594).R2=(0.1.0.0).R3=(0.0.0.1);BN01;Schroeven en ankers;unit;0.01;Gewoonhout Default Project;K00100;STAAL;GWH-01-BN01-MT-01;MT-01;GWH-01;WS114
Spaanplaatschroef 5x120 deeldraad;EP-000410-0001;120;5;5;0.0002;1;FS-0-3358-R0=(-1.0.0.145).R1=(0.0.1.2594).R2=(0.1.0.0).R3=(0.0.0.1);BN01;Schroeven en ankers;unit;0.01;Gewoonhout Default Project;K00100;STAAL;GWH-01-BN01-MT-01;MT-01;GWH-01;WS114
Spaanplaatschroef 5x120 deeldraad;EP-000410-0001;120;5;5;0.0002;1;FS-0-3358-R0=(-1.0.0.145).R1=(0.0.1.2594).R2=(0.1.0.0).R3=(0.0.0.1);BN01;Schroeven en ankers;unit;0.01;Gewoonhout Default Project;K00100;STAAL;GWH-01-BN01-MT-01;MT-01;GWH-01;WS114
Spaanplaatschroef 5x120 deeldraad;EP-000410-0001;120;5;5;0.0002;1;FS-0-3358-R0=(-1.0.0.145).R1=(0.0.1.2594).R2=(0.1.0.0).R3=(0.0.0.1);BN01;Schroeven en ankers;unit;0.01;Gewoonhout Default Project;K00100;STAAL;GWH-01-BN01-MT-01;MT-01;GWH-01;WS114
Spaanplaatschroef 5x120 deeldraad;EP-000410-0001;120;5;5;0.0002;1;FS-0-3358-R0=(-1.0.0.145).R1=(0.0.1.2594).R2=(0.1.0.0).R3=(0.0.0.1);BN01;Schroeven en ankers;unit;0.01;Gewoonhout Default Project;K00100;STAAL;GWH-01-BN01-MT-01;MT-01;GWH-01;WS114
Spaanplaatschroef 5x120 deeldraad;EP-000410-0001;120;5;5;0.0002;1;FS-0-3358-R0=(-1.0.0.145).R1=(0.0.1.2594).R2=(0.1.0.0).R3=(0.0.0.1);BN01;Schroeven en ankers;unit;0.01;Gewoonhout Default Project;K00100;STAAL;GWH-01-BN01-MT-01;MT-01;GWH-01;WS114
Spaanplaatschroef 5x120 deeldraad;EP-000410-0001;120;5;5;0.0002;1;FS-0-3358-R0=(-1.0.0.145).R1=(0.0.1.2594).R2=(0.1.0.0).R3=(0.0.0.1);BN01;Schroeven en ankers;unit;0.01;Gewoonhout Default Project;K00100;STAAL;GWH-01-BN01-MT-01;MT-01;GWH-01;WS114
Spaanplaatschroef 5x120 deeldraad;EP-000410-0001;120;5;5;0.0002;1;FS-0-3358-R0=(-1.0.0.145).R1=(0.0.1.2594).R2=(0.1.0.0).R3=(0.0.0.1);BN01;Schroeven en ankers;unit;0.01;Gewoonhout Default Project;K00100;STAAL;GWH-01-BN01-MT-01;MT-01;GWH-01;WS114
Spaanplaatschroef 5x120 deeldraad;EP-000410-0001;120;5;5;0.0002;1;FS-0-3358-R0=(-1.0.0.145).R1=(0.0.1.2594).R2=(0.1.0.0).R3=(0.0.0.1);BN01;Schroeven en ankers;unit;0.01;Gewoonhout Default Project;K00100;STAAL;GWH-01-BN01-MT-01;MT-01;GWH-01;WS114
Spaanplaatschroef 5x120 deeldraad;EP-000410-0001;120;5;5;0.0002;1;FS-0-3358-R0=(-1.0.0.145).R1=(0.0.1.2594).R2=(0.1.0.0).R3=(0.0.0.1);BN01;Schroeven en ankers;unit;0.01;Gewoonhout Default Project;K00100;STAAL;GWH-01-BN01-MT-01;MT-01;GWH-01;WS114
Spaanplaatschroef 5x120 deeldraad;EP-000410-0001;120;5;5;0.0002;1;FS-0-3358-R0=(-1.0.0.145).R1=(0.0.1.2594).R2=(0.1.0.0).R3=(0.0.0.1);BN01;Schroeven en ankers;unit;0.01;Gewoonhout Default Project;K00100;STAAL;GWH-01-BN01-MT-01;MT-01;GWH-01;WS114
Spaanplaatschroef 5x120 deeldraad;EP-000410-0001;120;5;5;0.0002;1;FS-0-3358-R0=(-1.0.0.145).R1=(0.0.1.2594).R2=(0.1.0.0).R3=(0.0.0.1);BN01;Schroeven en ankers;unit;0.01;Gewoonhout Default Project;K00100;STAAL;GWH-01-BN01-MT-01;MT-01;GWH-01;WS114
Spaanplaatschroef 5x120 deeldraad;EP-000410-0001;120;5;5;0.0002;1;FS-0-3358-R0=(-1.0.0.145).R1=(0.0.1.2594).R2=(0.1.0.0).R3=(0.0.0.1);BN01;Schroeven en ankers;unit;0.01;Gewoonhout Default Project;K00100;STAAL;GWH-01-BN01-MT-01;MT-01;GWH-01;WS114
Spaanplaatschroef 5x120 deeldraad;EP-000410-0001;120;5;5;0.0002;1;FS-0-3358-R0=(-1.0.0.145).R1=(0.0.1.2594).R2=(0.1.0.0).R3=(0.0.0.1);BN01;Schroeven en ankers;unit;0.01;Gewoonhout Default Project;K00100;STAAL;GWH-01-BN01-MT-01;MT-01;GWH-01;WS114
Spaanplaatschroef 5x120 deeldraad;EP-000410-0001;120;5;5;0.0002;1;FS-0-3358-R0=(-1.0.0.145).R1=(0.0.1.2594).R2=(0.1.0.0).R3=(0.0.0.1);BN01;Schroeven en ankers;unit;0.01;Gewoonhout Default Project;K00100;STAAL;GWH-01-BN01-MT-01;MT-01;GWH-01;WS114
Spaanplaatschroef 5x120 deeldraad;EP-000410-0001;120;5;5;0.0002;1;FS-0-3358-R0=(-1.0.0.145).R1=(0.0.1.2594).R2=(0.1.0.0).R3=(0.0.0.1);BN01;Schroeven en ankers;unit;0.01;Gewoonhout Default Project;K00100;STAAL;GWH-01-BN01-MT-01;MT-01;GWH-01;WS114
Steenwolplaten 70x600mm;EP-000339-0001;2521;534;70;0.096142856566;1.346;FS-0-3358-R0=(-1.0.0.145).R1=(0.0.1.2594).R2=(0.1.0.0).R3=(0.0.0.1);BN01;Isolatiemateriaal;m2;3.365;Gewoonhout Default Project;K00100;STEW;GWH-01-BN01-MT-01;MT-01;GWH-01;WS111
Steenwolplaten 70x600mm;EP-000339-0001;2521;564;70;0.101571427962;1.422;FS-0-3358-R0=(-1.0.0.145).R1=(0.0.1.2594).R2=(0.1.0.0).R3=(0.0.0.1);BN01;Isolatiemateriaal;m2;3.555;Gewoonhout Default Project;K00100;STEW;GWH-01-BN01-MT-01;MT-01;GWH-01;WS111
Steenwolplaten 70x600mm;EP-000339-0001;2521;564;70;0.101571427962;1.422;FS-0-3358-R0=(-1.0.0.145).R1=(0.0.1.2594).R2=(0.1.0.0).R3=(0.0.0.1);BN01;Isolatiemateriaal;m2;3.555;Gewoonhout Default Project;K00100;STEW;GWH-01-BN01-MT-01;MT-01;GWH-01;WS111
Steenwolplaten 70x600mm;EP-000339-0001;2521;564;70;0.101571427962;1.422;FS-0-3358-R0=(-1.0.0.145).R1=(0.0.1.2594).R2=(0.1.0.0).R3=(0.0.0.1);BN01;Isolatiemateriaal;m2;3.555;Gewoonhout Default Project;K00100;STEW;GWH-01-BN01-MT-01;MT-01;GWH-01;WS111
Steenwolplaten 70x600mm;EP-000339-0001;2521;564;70;0.101571427962;1.422;FS-0-3358-R0=(-1.0.0.145).R1=(0.0.1.2594).R2=(0.1.0.0).R3=(0.0.0.1);BN01;Isolatiemateriaal;m2;3.555;Gewoonhout Default Project;K00100;STEW;GWH-01-BN01-MT-01;MT-01;GWH-01;WS111
Steenwolplaten 70x600mm;EP-000339-0001;3011;96;65;0.022214285581;0.311;MC-0-0-1-0-0-1-0-R0=(-1.0.0.-1679).R1=(0.-1.0.2594).R2=(0.0.1.0).R3=(0.0.0.1);BN01;Isolatiemateriaal;m2;0.778;Gewoonhout Default Project;K00100;STEW;GWH-01-BN01-MT-01;MT-01;GWH-01;WS111
Steenwolplaten 70x600mm;EP-000339-0001;3011;80;65;0.017214285611;0.241;fail;BN01;Isolatiemateriaal;m2;0.602;Gewoonhout Default Project;K00100;STEW;GWH-01-BN01-MT-01;MT-01;GWH-01;WS111
Steenwolplaten 70x600mm;EP-000339-0001;80;65;24;0.000357142855;0.005;fail;BN01;Isolatiemateriaal;m2;0.012;Gewoonhout Default Project;K00100;STEW;GWH-01-BN01-MT-01;MT-01;GWH-01;WS111
Semi-geslotencellig polyurethaanschuim 6x20mm;EP-000326-0001;3155;20;6;0.0003786;3.155;MC-0-3-2-0-0-1-0-R0=(0.-1.0.1679).R1=(1.0.0.2594).R2=(0.0.1.0).R3=(0.0.0.1);BN01;Luchtdichting;m1;0.013;Gewoonhout Default Project;K00100;AIRS;GWH-01-BN01-MT-01;MT-01;GWH-01;WS198
Semi-geslotencellig polyurethaanschuim 6x20mm;EP-000326-0001;3068;20;6;0.00036816;3.068;MV-5-8-0-R0=(1.0.0.0).R1=(0.1.0.0).R2=(0.0.1.0).R3=(0.0.0.1);BN01;Luchtdichting;m1;0.012;Gewoonhout Default Project;K00100;AIRS;GWH-01-BN01-MT-01;MT-01;GWH-01;WS107
Semi-geslotencellig polyurethaanschuim 6x20mm;EP-000326-0001;2619;1135;20;0.0005856;4.88;F-5188-1278-261-2418-2929-3191-1342-4950-2929-R0=(0.0.-1.-1679).R1=(-1.0.0.2594).R2=(0.1.0.0).R3=(0.0.0.1);BN01;Luchtdichting;m1;0.02;Gewoonhout Default Project;K00100;AIRS;GWH-01-BN01-MT-01;MT-01;GWH-01;WS109
Semi-geslotencellig polyurethaanschuim 6x20mm;EP-000326-0001;525;325;6;0.000204;1.7;fail;BN01;Luchtdichting;m1;0.007;Gewoonhout Default Project;K00100;AIRS;GWH-01-BN01-MT-01;MT-01;GWH-01;WS107
Semi-geslotencellig polyurethaanschuim 6x20mm;EP-000326-0001;2708;1180;6;0.00092352;7.696;F-5188-1278-261-2418-2929-3191-1342-4950-2929-R0=(0.0.-1.-1679).R1=(-1.0.0.2594).R2=(0.1.0.0).R3=(0.0.0.1);BN01;Luchtdichting;m1;0.031;Gewoonhout Default Project;K00100;AIRS;GWH-01-BN01-MT-01;MT-01;GWH-01;WS109
Semi-geslotencellig polyurethaanschuim 6x20mm;EP-000326-0001;4898;20;6;0.00058776;4.898;MV-5-8-0-R0=(1.0.0.0).R1=(0.1.0.0).R2=(0.0.1.0).R3=(0.0.0.1);BN01;Luchtdichting;m1;0.02;Gewoonhout Default Project;K00100;AIRS;GWH-01-BN01-MT-01;MT-01;GWH-01;WS107
Semi-geslotencellig polyurethaanschuim 6x20mm;EP-000326-0001;5008;20;6;0.00060096;5.008;MV-5-8-0-R0=(1.0.0.0).R1=(0.1.0.0).R2=(0.0.1.0).R3=(0.0.0.1);BN01;Luchtdichting;m1;0.02;Gewoonhout Default Project;K00100;AIRS;GWH-01-BN01-MT-01;MT-01;GWH-01;WS107
Semi-geslotencellig polyurethaanschuim 6x20mm;EP-000326-0001;4898;20;6;0.00058776;4.898;MV-5-8-0-R0=(1.0.0.0).R1=(0.1.0.0).R2=(0.0.1.0).R3=(0.0.0.1);BN01;Luchtdichting;m1;0.02;Gewoonhout Default Project;K00100;AIRS;GWH-01-BN01-MT-01;MT-01;GWH-01;WS107
Semi-geslotencellig polyurethaanschuim 6x20mm;EP-000326-0001;5188;20;6;0.00062256;5.188;MVR-8-2-1-0-R0=(0.1.0.1679).R1=(0.0.1.0).R2=(1.0.0.0).R3=(0.0.0.1);BN01;Luchtdichting;m1;0.021;Gewoonhout Default Project;K00100;AIRS;GWH-01-BN01-MT-01;MT-01;GWH-01;WS198
Semi-geslotencellig polyurethaanschuim 6x20mm;EP-000326-0001;773;20;6;0.0002;0.778;F-5188-1278-261-2418-2929-3191-1342-4950-2929-R0=(0.0.-1.-1679).R1=(-1.0.0.2594).R2=(0.1.0.0).R3=(0.0.0.1);BN01;Luchtdichting;m1;0.003;Gewoonhout Default Project;K00100;AIRS;GWH-01-BN01-MT-01;MT-01;GWH-01;WS109
Semi-geslotencellig polyurethaanschuim 6x20mm;EP-000326-0001;824;249;6;0.000258;2.15;fail;BN01;Luchtdichting;m1;0.009;Gewoonhout Default Project;K00100;AIRS;GWH-01-BN01-MT-01;MT-01;GWH-01;WS107
Semi-geslotencellig polyurethaanschuim 6x20mm;EP-000326-0001;2627;2619;20;0.00063984;5.332;F-5188-1278-261-2418-2929-3191-1342-4950-2929-R0=(0.0.-1.-1679).R1=(-1.0.0.2594).R2=(0.1.0.0).R3=(0.0.0.1);BN01;Luchtdichting;m1;0.021;Gewoonhout Default Project;K00100;AIRS;GWH-01-BN01-MT-01;MT-01;GWH-01;WS109
Semi-geslotencellig polyurethaanschuim 6x20mm;EP-000326-0001;1799;1627;6;0.00081264;6.772;F-5188-1278-261-2418-2929-3191-1342-4950-2929-R0=(0.0.-1.-1679).R1=(-1.0.0.2594).R2=(0.1.0.0).R3=(0.0.0.1);BN01;Luchtdichting;m1;0.027;Gewoonhout Default Project;K00100;AIRS;GWH-01-BN01-MT-01;MT-01;GWH-01;WS109
Semi-geslotencellig polyurethaanschuim 6x20mm;EP-000326-0001;525;325;6;0.000204;1.7;fail;BN01;Luchtdichting;m1;0.007;Gewoonhout Default Project;K00100;AIRS;GWH-01-BN01-MT-01;MT-01;GWH-01;WS107
Semi-geslotencellig polyurethaanschuim 6x20mm;EP-000326-0001;525;258;6;0.0002;1.5;fail;BN01;Luchtdichting;m1;0.006;Gewoonhout Default Project;K00100;AIRS;GWH-01-BN01-MT-01;MT-01;GWH-01;WS107
Semi-geslotencellig polyurethaanschuim 6x20mm;EP-000326-0001;3072;2619;20;0.0013626;11.355;F-3358-R0=(1.0.0.-1679).R1=(0.0.-1.-2594).R2=(0.1.0.0).R3=(0.0.0.1);BN01;Luchtdichting;m1;0.045;Gewoonhout Default Project;K00100;AIRS;GWH-01-BN01-MT-01;MT-01;GWH-01;WS109
Semi-geslotencellig polyurethaanschuim 6x20mm;EP-000326-0001;3155;20;6;0.0003786;3.155;MC-0-0-2-0-0-0-0-R0=(1.0.0.1679).R1=(0.1.0.-2594).R2=(0.0.1.0).R3=(0.0.0.1);BN01;Luchtdichting;m1;0.013;Gewoonhout Default Project;K00100;AIRS;GWH-01-BN01-MT-01;MT-01;GWH-01;WS198
Semi-geslotencellig polyurethaanschuim 6x20mm;EP-000326-0001;3068;20;6;0.00036816;3.068;MV-5-8-0-R0=(1.0.0.0).R1=(0.1.0.0).R2=(0.0.1.0).R3=(0.0.0.1);BN01;Luchtdichting;m1;0.012;Gewoonhout Default Project;K00100;AIRS;GWH-01-BN01-MT-01;MT-01;GWH-01;WS107
Pe folie woningscheidende wand;EP-000321-0001;3166;2713;0.5;0.00042945;8.589;FS-0-3358-R0=(-1.0.0.145).R1=(0.0.1.2594).R2=(0.1.0.0).R3=(0.0.0.1);BN01;Folies;m2;1.417;Gewoonhout Default Project;K00100;DAMPF;GWH-01-BN01-MT-01;MT-01;GWH-01;WS112
Gevelfolie waterkerend damp-open gevel;EP-000319-0001;3056;170;73;0.000385;0.77;MC-0-0-1-0-0-1-0-R0=(-1.0.0.-1679).R1=(0.-1.0.2594).R2=(0.0.1.0).R3=(0.0.0.1);BN01;Folies;m2;0.162;Gewoonhout Default Project;K00100;DAMPF;GWH-01-BN01-MT-01;MT-01;GWH-01;WS112
Gevelfolie waterkerend damp-open gevel;EP-000319-0001;146;87;47;0.0002;0.02;MC-0-0-1-0-0-1-0-R0=(-1.0.0.-1679).R1=(0.-1.0.2594).R2=(0.0.1.0).R3=(0.0.0.1);BN01;Folies;m2;0.004;Gewoonhout Default Project;K00100;DAMPF;GWH-01-BN01-MT-01;MT-01;GWH-01;WS112
Gevelfolie waterkerend damp-open gevel;EP-000319-0001;140;104;39;0.0002;0.019;MC-0-0-1-0-0-1-0-R0=(-1.0.0.-1679).R1=(0.-1.0.2594).R2=(0.0.1.0).R3=(0.0.0.1);BN01;Folies;m2;0.004;Gewoonhout Default Project;K00100;DAMPF;GWH-01-BN01-MT-01;MT-01;GWH-01;WS112
Gevelfolie waterkerend damp-open gevel;EP-000319-0001;2664;1136;50;0.001513;3.026;F-5188-1278-261-2418-2929-3191-1342-4950-2929-R0=(0.0.-1.-1679).R1=(-1.0.0.2594).R2=(0.1.0.0).R3=(0.0.0.1);BN01;Folies;m2;0.635;Gewoonhout Default Project;K00100;DAMPF;GWH-01-BN01-MT-01;MT-01;GWH-01;WS112
Gevelfolie waterkerend damp-open gevel;EP-000319-0001;1150;128;54;0.000355;0.71;FTT-5188-0-R0=(0.0.-1.-1679).R1=(-1.0.0.2594).R2=(0.1.0.0).R3=(0.0.0.1);BN01;Folies;m2;0.149;Gewoonhout Default Project;K00100;DAMPF;GWH-01-BN01-MT-01;MT-01;GWH-01;WS112
Gevelfolie waterkerend damp-open gevel;EP-000319-0001;4896;2793;0.5;0.0068365;13.673;F-5188-1278-261-2418-2929-3191-1342-4950-2929-R0=(0.0.-1.-1679).R1=(-1.0.0.2594).R2=(0.1.0.0).R3=(0.0.0.1);BN01;Folies;m2;2.871;Gewoonhout Default Project;K00100;DAMPF;GWH-01-BN01-MT-01;MT-01;GWH-01;WS112
Gevelfolie waterkerend damp-open gevel;EP-000319-0001;4898;145;67;0.000355;0.71;FTT-5188-0-R0=(0.0.-1.-1679).R1=(-1.0.0.2594).R2=(0.1.0.0).R3=(0.0.0.1);BN01;Folies;m2;0.149;Gewoonhout Default Project;K00100;DAMPF;GWH-01-BN01-MT-01;MT-01;GWH-01;WS112
Gevelfolie waterkerend damp-open gevel;EP-000319-0001;4898;219;76;0.0005365;1.073;FTB-5188-0-R0=(0.0.-1.-1679).R1=(-1.0.0.2594).R2=(0.1.0.0).R3=(0.0.0.1);BN01;Folies;m2;0.225;Gewoonhout Default Project;K00100;DAMPF;GWH-01-BN01-MT-01;MT-01;GWH-01;WS112
Gevelfolie waterkerend damp-open gevel;EP-000319-0001;1755;1583;50;0.001389;2.778;F-5188-1278-261-2418-2929-3191-1342-4950-2929-R0=(0.0.-1.-1679).R1=(-1.0.0.2594).R2=(0.1.0.0).R3=(0.0.0.1);BN01;Folies;m2;0.583;Gewoonhout Default Project;K00100;DAMPF;GWH-01-BN01-MT-01;MT-01;GWH-01;WS112
Gevelfolie waterkerend damp-open gevel;EP-000319-0001;212;212;57;0.0002;0.05;MC-0-1-0-0-0-0-0-R0=(0.1.0.-1679).R1=(-1.0.0.-2594).R2=(0.0.1.0).R3=(0.0.0.1);BN01;Folies;m2;0.01;Gewoonhout Default Project;K00100;DAMPF;GWH-01-BN01-MT-01;MT-01;GWH-01;WS112
Gevelfolie waterkerend damp-open gevel;EP-000319-0001;3056;300;150;0.0007005;1.401;MC-0-1-0-0-0-0-0-R0=(0.1.0.-1679).R1=(-1.0.0.-2594).R2=(0.0.1.0).R3=(0.0.0.1);BN01;Folies;m2;0.294;Gewoonhout Default Project;K00100;DAMPF;GWH-01-BN01-MT-01;MT-01;GWH-01;WS112
Gevelfolie waterkerend damp-open gevel;EP-000319-0001;212;212;47;0.0002;0.044;MC-0-1-0-0-0-0-0-R0=(0.1.0.-1679).R1=(-1.0.0.-2594).R2=(0.0.1.0).R3=(0.0.0.1);BN01;Folies;m2;0.009;Gewoonhout Default Project;K00100;DAMPF;GWH-01-BN01-MT-01;MT-01;GWH-01;WS112
Gevelfolie waterkerend damp-open gevel;EP-000319-0001;3068;219;76;0.000336;0.672;FTB-3358-0-R0=(1.0.0.-1679).R1=(0.0.-1.-2594).R2=(0.1.0.0).R3=(0.0.0.1);BN01;Folies;m2;0.141;Gewoonhout Default Project;K00100;DAMPF;GWH-01-BN01-MT-01;MT-01;GWH-01;WS112
Gevelfolie waterkerend damp-open gevel;EP-000319-0001;3068;145;67;0.0002225;0.445;FTT-3358-0-R0=(1.0.0.-1679).R1=(0.0.-1.-2594).R2=(0.1.0.0).R3=(0.0.0.1);BN01;Folies;m2;0.093;Gewoonhout Default Project;K00100;DAMPF;GWH-01-BN01-MT-01;MT-01;GWH-01;WS112
Gevelfolie waterkerend damp-open gevel;EP-000319-0001;3066;2793;0.5;0.004281;8.562;F-3358-R0=(1.0.0.-1679).R1=(0.0.-1.-2594).R2=(0.1.0.0).R3=(0.0.0.1);BN01;Folies;m2;1.798;Gewoonhout Default Project;K00100;DAMPF;GWH-01-BN01-MT-01;MT-01;GWH-01;WS112
Luchtdichte Tape 60mm;EP-000318-0001;3226;2773;1;0.00029395;11.758;FS-0-3358-R0=(-1.0.0.145).R1=(0.0.1.2594).R2=(0.1.0.0).R3=(0.0.0.1);BN01;Luchtdichting;m1;0.294;Gewoonhout Default Project;K00100;LDPE;GWH-01-BN01-MT-01;MT-01;GWH-01;WS109
Luchtdichte Tape 60mm;EP-000318-0001;2523;536;30;0.0002;6.051;FS-0-3358-R0=(-1.0.0.145).R1=(0.0.1.2594).R2=(0.1.0.0).R3=(0.0.0.1);BN01;Luchtdichting;m1;0.151;Gewoonhout Default Project;K00100;LDPE;GWH-01-BN01-MT-01;MT-01;GWH-01;WS109
Luchtdichte Tape 60mm;EP-000318-0001;2523;1175;30;0.0002;1;FS-0-3358-R0=(-1.0.0.145).R1=(0.0.1.2594).R2=(0.1.0.0).R3=(0.0.0.1);BN01;Luchtdichting;m1;0.025;Gewoonhout Default Project;K00100;LDPE;GWH-01-BN01-MT-01;MT-01;GWH-01;WS109
Luchtdichte Tape 60mm;EP-000318-0001;2523;1175;30;0.0002;7.329;FS-0-3358-R0=(-1.0.0.145).R1=(0.0.1.2594).R2=(0.1.0.0).R3=(0.0.0.1);BN01;Luchtdichting;m1;0.183;Gewoonhout Default Project;K00100;LDPE;GWH-01-BN01-MT-01;MT-01;GWH-01;WS109
Luchtdichte Tape 60mm;EP-000318-0001;175;174;30;0.0002;0.305;MC-0-3-2-0-0-1-0-R0=(0.-1.0.1679).R1=(1.0.0.2594).R2=(0.0.1.0).R3=(0.0.0.1);BN01;Luchtdichting;m1;0.008;Gewoonhout Default Project;K00100;LDPE;GWH-01-BN01-MT-01;MT-01;GWH-01;WS102
Luchtdichte Tape 60mm;EP-000318-0001;175;174;30;0.0002;0.305;MC-0-0-1-0-0-1-0-R0=(-1.0.0.-1679).R1=(0.-1.0.2594).R2=(0.0.1.0).R3=(0.0.0.1);BN01;Luchtdichting;m1;0.008;Gewoonhout Default Project;K00100;LDPE;GWH-01-BN01-MT-01;MT-01;GWH-01;WS102
Luchtdichte Tape 60mm;EP-000318-0001;91;70;1;0.0002;0.092;F-5188-1278-261-2418-2929-3191-1342-4950-2929-R0=(0.0.-1.-1679).R1=(-1.0.0.2594).R2=(0.1.0.0).R3=(0.0.0.1);BN01;Luchtdichting;m1;0.002;Gewoonhout Default Project;K00100;LDPE;GWH-01-BN01-MT-01;MT-01;GWH-01;WS109
Luchtdichte Tape 60mm;EP-000318-0001;91;70;1;0.0002;0.092;F-5188-1278-261-2418-2929-3191-1342-4950-2929-R0=(0.0.-1.-1679).R1=(-1.0.0.2594).R2=(0.1.0.0).R3=(0.0.0.1);BN01;Luchtdichting;m1;0.002;Gewoonhout Default Project;K00100;LDPE;GWH-01-BN01-MT-01;MT-01;GWH-01;WS109
Luchtdichte Tape 60mm;EP-000318-0001;91;70;1;0.0002;0.092;F-5188-1278-261-2418-2929-3191-1342-4950-2929-R0=(0.0.-1.-1679).R1=(-1.0.0.2594).R2=(0.1.0.0).R3=(0.0.0.1);BN01;Luchtdichting;m1;0.002;Gewoonhout Default Project;K00100;LDPE;GWH-01-BN01-MT-01;MT-01;GWH-01;WS109
Luchtdichte Tape 60mm;EP-000318-0001;81;72;46;0.0002;0.128;F-5188-1278-261-2418-2929-3191-1342-4950-2929-R0=(0.0.-1.-1679).R1=(-1.0.0.2594).R2=(0.1.0.0).R3=(0.0.0.1);BN01;Luchtdichting;m1;0.003;Gewoonhout Default Project;K00100;LDPE;GWH-01-BN01-MT-01;MT-01;GWH-01;WS109
Luchtdichte Tape 60mm;EP-000318-0001;100;30;30;0.0002;0.101;F-5188-1278-261-2418-2929-3191-1342-4950-2929-R0=(0.0.-1.-1679).R1=(-1.0.0.2594).R2=(0.1.0.0).R3=(0.0.0.1);BN01;Luchtdichting;m1;0.003;Gewoonhout Default Project;K00100;LDPE;GWH-01-BN01-MT-01;MT-01;GWH-01;WS109
Luchtdichte Tape 60mm;EP-000318-0001;100;30;30;0.0002;0.202;F-5188-1278-261-2418-2929-3191-1342-4950-2929-R0=(0.0.-1.-1679).R1=(-1.0.0.2594).R2=(0.1.0.0).R3=(0.0.0.1);BN01;Luchtdichting;m1;0.005;Gewoonhout Default Project;K00100;LDPE;GWH-01-BN01-MT-01;MT-01;GWH-01;WS109
Luchtdichte Tape 60mm;EP-000318-0001;81;72;46;0.0002;0.128;F-5188-1278-261-2418-2929-3191-1342-4950-2929-R0=(0.0.-1.-1679).R1=(-1.0.0.2594).R2=(0.1.0.0).R3=(0.0.0.1);BN01;Luchtdichting;m1;0.003;Gewoonhout Default Project;K00100;LDPE;GWH-01-BN01-MT-01;MT-01;GWH-01;WS109
Luchtdichte Tape 60mm;EP-000318-0001;91;70;1;0.0002;0.092;F-5188-1278-261-2418-2929-3191-1342-4950-2929-R0=(0.0.-1.-1679).R1=(-1.0.0.2594).R2=(0.1.0.0).R3=(0.0.0.1);BN01;Luchtdichting;m1;0.002;Gewoonhout Default Project;K00100;LDPE;GWH-01-BN01-MT-01;MT-01;GWH-01;WS109
Luchtdichte Tape 60mm;EP-000318-0001;2493;1115;30;0.0002;7.149;F-3358-R0=(1.0.0.-1679).R1=(0.0.-1.-2594).R2=(0.1.0.0).R3=(0.0.0.1);BN01;Luchtdichting;m1;0.179;Gewoonhout Default Project;K00100;LDPE;GWH-01-BN01-MT-01;MT-01;GWH-01;WS109
Luchtdichte Tape 60mm;EP-000318-0001;2493;1175;30;0.0002;7.269;F-3358-R0=(1.0.0.-1679).R1=(0.0.-1.-2594).R2=(0.1.0.0).R3=(0.0.0.1);BN01;Luchtdichting;m1;0.182;Gewoonhout Default Project;K00100;LDPE;GWH-01-BN01-MT-01;MT-01;GWH-01;WS109
Luchtdichte Tape 60mm;EP-000318-0001;2493;476;30;0.0002;5.871;F-3358-R0=(1.0.0.-1679).R1=(0.0.-1.-2594).R2=(0.1.0.0).R3=(0.0.0.1);BN01;Luchtdichting;m1;0.147;Gewoonhout Default Project;K00100;LDPE;GWH-01-BN01-MT-01;MT-01;GWH-01;WS109
Luchtdichte Tape 60mm;EP-000318-0001;175;174;30;0.0002;0.305;MC-0-0-2-0-0-0-0-R0=(1.0.0.1679).R1=(0.1.0.-2594).R2=(0.0.1.0).R3=(0.0.0.1);BN01;Luchtdichting;m1;0.008;Gewoonhout Default Project;K00100;LDPE;GWH-01-BN01-MT-01;MT-01;GWH-01;WS102
Luchtdichte Tape 60mm;EP-000318-0001;175;174;30;0.0002;0.305;MC-0-1-0-0-0-0-0-R0=(0.1.0.-1679).R1=(-1.0.0.-2594).R2=(0.0.1.0).R3=(0.0.0.1);BN01;Luchtdichting;m1;0.008;Gewoonhout Default Project;K00100;LDPE;GWH-01-BN01-MT-01;MT-01;GWH-01;WS102
Glaswoldeken 120x380mm;EP-000305-0001;5008;369;120;0.22056;1.838;MV-5-8-0-R0=(1.0.0.0).R1=(0.1.0.0).R2=(0.0.1.0).R3=(0.0.0.1);BN01;Isolatiemateriaal;m2;7.72;Gewoonhout Default Project;K00100;GLAW;GWH-01-BN01-MT-01;MT-01;GWH-01;WS106
Glaswoldeken 120x380mm;EP-000305-0001;5008;369;120;0.22056;1.838;MV-5-8-0-R0=(1.0.0.0).R1=(0.1.0.0).R2=(0.0.1.0).R3=(0.0.0.1);BN01;Isolatiemateriaal;m2;7.72;Gewoonhout Default Project;K00100;GLAW;GWH-01-BN01-MT-01;MT-01;GWH-01;WS106
Glaswoldeken 120x380mm;EP-000305-0001;5008;369;120;0.22176;1.848;MV-5-8-0-R0=(1.0.0.0).R1=(0.1.0.0).R2=(0.0.1.0).R3=(0.0.0.1);BN01;Isolatiemateriaal;m2;7.762;Gewoonhout Default Project;K00100;GLAW;GWH-01-BN01-MT-01;MT-01;GWH-01;WS106
Glaswoldeken 120x380mm;EP-000305-0001;5008;369;120;0.22176;1.848;MV-5-8-0-R0=(1.0.0.0).R1=(0.1.0.0).R2=(0.0.1.0).R3=(0.0.0.1);BN01;Isolatiemateriaal;m2;7.762;Gewoonhout Default Project;K00100;GLAW;GWH-01-BN01-MT-01;MT-01;GWH-01;WS106
Glaswoldeken 120x380mm;EP-000305-0001;5008;369;120;0.22176;1.848;MV-5-8-0-R0=(1.0.0.0).R1=(0.1.0.0).R2=(0.0.1.0).R3=(0.0.0.1);BN01;Isolatiemateriaal;m2;7.762;Gewoonhout Default Project;K00100;GLAW;GWH-01-BN01-MT-01;MT-01;GWH-01;WS106
Glaswoldeken 120x380mm;EP-000305-0001;5008;369;120;0.22176;1.848;MV-5-8-0-R0=(1.0.0.0).R1=(0.1.0.0).R2=(0.0.1.0).R3=(0.0.0.1);BN01;Isolatiemateriaal;m2;7.762;Gewoonhout Default Project;K00100;GLAW;GWH-01-BN01-MT-01;MT-01;GWH-01;WS106
Glaswoldeken 120x380mm;EP-000305-0001;5008;369;120;0.22176;1.848;MV-5-8-0-R0=(1.0.0.0).R1=(0.1.0.0).R2=(0.0.1.0).R3=(0.0.0.1);BN01;Isolatiemateriaal;m2;7.762;Gewoonhout Default Project;K00100;GLAW;GWH-01-BN01-MT-01;MT-01;GWH-01;WS106
Glaswoldeken 120x380mm;EP-000305-0001;5008;369;120;0.22176;1.848;MV-5-8-0-R0=(1.0.0.0).R1=(0.1.0.0).R2=(0.0.1.0).R3=(0.0.0.1);BN01;Isolatiemateriaal;m2;7.762;Gewoonhout Default Project;K00100;GLAW;GWH-01-BN01-MT-01;MT-01;GWH-01;WS106
Glaswoldeken 120x380mm;EP-000305-0001;5008;369;120;0.22176;1.848;MV-5-8-0-R0=(1.0.0.0).R1=(0.1.0.0).R2=(0.0.1.0).R3=(0.0.0.1);BN01;Isolatiemateriaal;m2;7.762;Gewoonhout Default Project;K00100;GLAW;GWH-01-BN01-MT-01;MT-01;GWH-01;WS106
Glaswoldeken 120x380mm;EP-000305-0001;5008;369;120;0.22176;1.848;MV-5-8-0-R0=(1.0.0.0).R1=(0.1.0.0).R2=(0.0.1.0).R3=(0.0.0.1);BN01;Isolatiemateriaal;m2;7.762;Gewoonhout Default Project;K00100;GLAW;GWH-01-BN01-MT-01;MT-01;GWH-01;WS106
Glaswoldeken 120x380mm;EP-000305-0001;5008;369;120;0.22176;1.848;MV-5-8-0-R0=(1.0.0.0).R1=(0.1.0.0).R2=(0.0.1.0).R3=(0.0.0.1);BN01;Isolatiemateriaal;m2;7.762;Gewoonhout Default Project;K00100;GLAW;GWH-01-BN01-MT-01;MT-01;GWH-01;WS106
Glaswoldeken 120x380mm;EP-000305-0001;5008;369;120;0.22176;1.848;MV-5-8-0-R0=(1.0.0.0).R1=(0.1.0.0).R2=(0.0.1.0).R3=(0.0.0.1);BN01;Isolatiemateriaal;m2;7.762;Gewoonhout Default Project;K00100;GLAW;GWH-01-BN01-MT-01;MT-01;GWH-01;WS106
Glaswoldeken 120x380mm;EP-000305-0001;5008;369;120;0.22176;1.848;MV-5-8-0-R0=(1.0.0.0).R1=(0.1.0.0).R2=(0.0.1.0).R3=(0.0.0.1);BN01;Isolatiemateriaal;m2;7.762;Gewoonhout Default Project;K00100;GLAW;GWH-01-BN01-MT-01;MT-01;GWH-01;WS106
Glaswoldeken 120x380mm;EP-000305-0001;5008;369;120;0.22176;1.848;MV-5-8-0-R0=(1.0.0.0).R1=(0.1.0.0).R2=(0.0.1.0).R3=(0.0.0.1);BN01;Isolatiemateriaal;m2;7.762;Gewoonhout Default Project;K00100;GLAW;GWH-01-BN01-MT-01;MT-01;GWH-01;WS106
Glaswoldeken 120x380mm;EP-000305-0001;5008;369;120;0.22056;1.838;MV-5-8-0-R0=(1.0.0.0).R1=(0.1.0.0).R2=(0.0.1.0).R3=(0.0.0.1);BN01;Isolatiemateriaal;m2;7.72;Gewoonhout Default Project;K00100;GLAW;GWH-01-BN01-MT-01;MT-01;GWH-01;WS106
Glaswoldeken 120x380mm;EP-000305-0001;5008;369;120;0.22056;1.838;MV-5-8-0-R0=(1.0.0.0).R1=(0.1.0.0).R2=(0.0.1.0).R3=(0.0.0.1);BN01;Isolatiemateriaal;m2;7.72;Gewoonhout Default Project;K00100;GLAW;GWH-01-BN01-MT-01;MT-01;GWH-01;WS106
Glaswolplaat 70x600mm;EP-000303-0001;96;65;24;0.00042;0.006;MC-0-0-1-0-0-1-0-R0=(-1.0.0.-1679).R1=(0.-1.0.2594).R2=(0.0.1.0).R3=(0.0.0.1);BN01;Isolatiemateriaal;m2;0.015;Gewoonhout Default Project;K00100;GLAW;GWH-01-BN01-MT-01;MT-01;GWH-01;WS111
Glaswolplaat 70x600mm;EP-000303-0001;2613;565;76;0.10332;1.476;F-5188-1278-261-2418-2929-3191-1342-4950-2929-R0=(0.0.-1.-1679).R1=(-1.0.0.2594).R2=(0.1.0.0).R3=(0.0.0.1);BN01;Isolatiemateriaal;m2;3.69;Gewoonhout Default Project;K00100;GLAW;GWH-01-BN01-MT-01;MT-01;GWH-01;WS111
Glaswolplaat 70x600mm;EP-000303-0001;2492;505;69;0.08813;1.259;F-5188-1278-261-2418-2929-3191-1342-4950-2929-R0=(0.0.-1.-1679).R1=(-1.0.0.2594).R2=(0.1.0.0).R3=(0.0.0.1);BN01;Isolatiemateriaal;m2;3.148;Gewoonhout Default Project;K00100;GLAW;GWH-01-BN01-MT-01;MT-01;GWH-01;WS111
Glaswolplaat 70x600mm;EP-000303-0001;1042;295;65;0.02156;0.308;F-5188-1278-261-2418-2929-3191-1342-4950-2929-R0=(0.0.-1.-1679).R1=(-1.0.0.2594).R2=(0.1.0.0).R3=(0.0.0.1);BN01;Isolatiemateriaal;m2;0.77;Gewoonhout Default Project;K00100;GLAW;GWH-01-BN01-MT-01;MT-01;GWH-01;WS111
Glaswolplaat 70x600mm;EP-000303-0001;1042;574;65;0.04186;0.598;F-5188-1278-261-2418-2929-3191-1342-4950-2929-R0=(0.0.-1.-1679).R1=(-1.0.0.2594).R2=(0.1.0.0).R3=(0.0.0.1);BN01;Isolatiemateriaal;m2;1.495;Gewoonhout Default Project;K00100;GLAW;GWH-01-BN01-MT-01;MT-01;GWH-01;WS111
Glaswolplaat 70x600mm;EP-000303-0001;1042;574;65;0.04186;0.598;F-5188-1278-261-2418-2929-3191-1342-4950-2929-R0=(0.0.-1.-1679).R1=(-1.0.0.2594).R2=(0.1.0.0).R3=(0.0.0.1);BN01;Isolatiemateriaal;m2;1.495;Gewoonhout Default Project;K00100;GLAW;GWH-01-BN01-MT-01;MT-01;GWH-01;WS111
Glaswolplaat 70x600mm;EP-000303-0001;1042;574;65;0.04186;0.598;F-5188-1278-261-2418-2929-3191-1342-4950-2929-R0=(0.0.-1.-1679).R1=(-1.0.0.2594).R2=(0.1.0.0).R3=(0.0.0.1);BN01;Isolatiemateriaal;m2;1.495;Gewoonhout Default Project;K00100;GLAW;GWH-01-BN01-MT-01;MT-01;GWH-01;WS111
Glaswolplaat 70x600mm;EP-000303-0001;1042;469;65;0.03423;0.489;F-5188-1278-261-2418-2929-3191-1342-4950-2929-R0=(0.0.-1.-1679).R1=(-1.0.0.2594).R2=(0.1.0.0).R3=(0.0.0.1);BN01;Isolatiemateriaal;m2;1.222;Gewoonhout Default Project;K00100;GLAW;GWH-01-BN01-MT-01;MT-01;GWH-01;WS111
Glaswolplaat 70x600mm;EP-000303-0001;2613;432;76;0.07903;1.129;F-5188-1278-261-2418-2929-3191-1342-4950-2929-R0=(0.0.-1.-1679).R1=(-1.0.0.2594).R2=(0.1.0.0).R3=(0.0.0.1);BN01;Isolatiemateriaal;m2;2.822;Gewoonhout Default Project;K00100;GLAW;GWH-01-BN01-MT-01;MT-01;GWH-01;WS111
Glaswolplaat 70x600mm;EP-000303-0001;2492;432;69;0.07539;1.077;F-5188-1278-261-2418-2929-3191-1342-4950-2929-R0=(0.0.-1.-1679).R1=(-1.0.0.2594).R2=(0.1.0.0).R3=(0.0.0.1);BN01;Isolatiemateriaal;m2;2.692;Gewoonhout Default Project;K00100;GLAW;GWH-01-BN01-MT-01;MT-01;GWH-01;WS111
Glaswolplaat 70x600mm;EP-000303-0001;4898;144;65;0.04935;0.705;FTB-5188-0-R0=(0.0.-1.-1679).R1=(-1.0.0.2594).R2=(0.1.0.0).R3=(0.0.0.1);BN01;Isolatiemateriaal;m2;1.762;Gewoonhout Default Project;K00100;GLAW;GWH-01-BN01-MT-01;MT-01;GWH-01;WS111
Glaswolplaat 70x600mm;EP-000303-0001;4898;98;65;0.0336;0.48;FTT-5188-0-R0=(0.0.-1.-1679).R1=(-1.0.0.2594).R2=(0.1.0.0).R3=(0.0.0.1);BN01;Isolatiemateriaal;m2;1.2;Gewoonhout Default Project;K00100;GLAW;GWH-01-BN01-MT-01;MT-01;GWH-01;WS111
Glaswolplaat 70x600mm;EP-000303-0001;2613;319;76;0.05838;0.834;F-5188-1278-261-2418-2929-3191-1342-4950-2929-R0=(0.0.-1.-1679).R1=(-1.0.0.2594).R2=(0.1.0.0).R3=(0.0.0.1);BN01;Isolatiemateriaal;m2;2.085;Gewoonhout Default Project;K00100;GLAW;GWH-01-BN01-MT-01;MT-01;GWH-01;WS111
Glaswolplaat 70x600mm;EP-000303-0001;2492;319;69;0.05565;0.795;F-5188-1278-261-2418-2929-3191-1342-4950-2929-R0=(0.0.-1.-1679).R1=(-1.0.0.2594).R2=(0.1.0.0).R3=(0.0.0.1);BN01;Isolatiemateriaal;m2;1.988;Gewoonhout Default Project;K00100;GLAW;GWH-01-BN01-MT-01;MT-01;GWH-01;WS111
Glaswolplaat 70x600mm;EP-000303-0001;683;574;65;0.02744;0.392;F-5188-1278-261-2418-2929-3191-1342-4950-2929-R0=(0.0.-1.-1679).R1=(-1.0.0.2594).R2=(0.1.0.0).R3=(0.0.0.1);BN01;Isolatiemateriaal;m2;0.98;Gewoonhout Default Project;K00100;GLAW;GWH-01-BN01-MT-01;MT-01;GWH-01;WS111
Glaswolplaat 70x600mm;EP-000303-0001;683;574;65;0.02744;0.392;F-5188-1278-261-2418-2929-3191-1342-4950-2929-R0=(0.0.-1.-1679).R1=(-1.0.0.2594).R2=(0.1.0.0).R3=(0.0.0.1);BN01;Isolatiemateriaal;m2;0.98;Gewoonhout Default Project;K00100;GLAW;GWH-01-BN01-MT-01;MT-01;GWH-01;WS111
Glaswolplaat 70x600mm;EP-000303-0001;683;469;65;0.02247;0.321;F-5188-1278-261-2418-2929-3191-1342-4950-2929-R0=(0.0.-1.-1679).R1=(-1.0.0.2594).R2=(0.1.0.0).R3=(0.0.0.1);BN01;Isolatiemateriaal;m2;0.802;Gewoonhout Default Project;K00100;GLAW;GWH-01-BN01-MT-01;MT-01;GWH-01;WS111
Glaswolplaat 70x600mm;EP-000303-0001;2613;319;76;0.05838;0.834;F-5188-1278-261-2418-2929-3191-1342-4950-2929-R0=(0.0.-1.-1679).R1=(-1.0.0.2594).R2=(0.1.0.0).R3=(0.0.0.1);BN01;Isolatiemateriaal;m2;2.085;Gewoonhout Default Project;K00100;GLAW;GWH-01-BN01-MT-01;MT-01;GWH-01;WS111
Glaswolplaat 70x600mm;EP-000303-0001;2492;319;69;0.05565;0.795;F-5188-1278-261-2418-2929-3191-1342-4950-2929-R0=(0.0.-1.-1679).R1=(-1.0.0.2594).R2=(0.1.0.0).R3=(0.0.0.1);BN01;Isolatiemateriaal;m2;1.988;Gewoonhout Default Project;K00100;GLAW;GWH-01-BN01-MT-01;MT-01;GWH-01;WS111
Glaswolplaat 70x600mm;EP-000303-0001;565;65;30;0.00259;0.037;F-5188-1278-261-2418-2929-3191-1342-4950-2929-R0=(0.0.-1.-1679).R1=(-1.0.0.2594).R2=(0.1.0.0).R3=(0.0.0.1);BN01;Isolatiemateriaal;m2;0.092;Gewoonhout Default Project;K00100;GLAW;GWH-01-BN01-MT-01;MT-01;GWH-01;WS111
Glaswolplaat 70x600mm;EP-000303-0001;986;565;76;0.03899;0.557;F-5188-1278-261-2418-2929-3191-1342-4950-2929-R0=(0.0.-1.-1679).R1=(-1.0.0.2594).R2=(0.1.0.0).R3=(0.0.0.1);BN01;Isolatiemateriaal;m2;1.392;Gewoonhout Default Project;K00100;GLAW;GWH-01-BN01-MT-01;MT-01;GWH-01;WS111
Glaswolplaat 70x600mm;EP-000303-0001;926;565;69;0.03661;0.523;F-5188-1278-261-2418-2929-3191-1342-4950-2929-R0=(0.0.-1.-1679).R1=(-1.0.0.2594).R2=(0.1.0.0).R3=(0.0.0.1);BN01;Isolatiemateriaal;m2;1.308;Gewoonhout Default Project;K00100;GLAW;GWH-01-BN01-MT-01;MT-01;GWH-01;WS111
Glaswolplaat 70x600mm;EP-000303-0001;2534;295;65;0.05243;0.749;F-5188-1278-261-2418-2929-3191-1342-4950-2929-R0=(0.0.-1.-1679).R1=(-1.0.0.2594).R2=(0.1.0.0).R3=(0.0.0.1);BN01;Isolatiemateriaal;m2;1.872;Gewoonhout Default Project;K00100;GLAW;GWH-01-BN01-MT-01;MT-01;GWH-01;WS111
Glaswolplaat 70x600mm;EP-000303-0001;2534;574;65;0.10185;1.455;F-5188-1278-261-2418-2929-3191-1342-4950-2929-R0=(0.0.-1.-1679).R1=(-1.0.0.2594).R2=(0.1.0.0).R3=(0.0.0.1);BN01;Isolatiemateriaal;m2;3.638;Gewoonhout Default Project;K00100;GLAW;GWH-01-BN01-MT-01;MT-01;GWH-01;WS111
Glaswolplaat 70x600mm;EP-000303-0001;565;65;30;0.00259;0.037;F-5188-1278-261-2418-2929-3191-1342-4950-2929-R0=(0.0.-1.-1679).R1=(-1.0.0.2594).R2=(0.1.0.0).R3=(0.0.0.1);BN01;Isolatiemateriaal;m2;0.092;Gewoonhout Default Project;K00100;GLAW;GWH-01-BN01-MT-01;MT-01;GWH-01;WS111
Glaswolplaat 70x600mm;EP-000303-0001;986;565;76;0.03899;0.557;F-5188-1278-261-2418-2929-3191-1342-4950-2929-R0=(0.0.-1.-1679).R1=(-1.0.0.2594).R2=(0.1.0.0).R3=(0.0.0.1);BN01;Isolatiemateriaal;m2;1.392;Gewoonhout Default Project;K00100;GLAW;GWH-01-BN01-MT-01;MT-01;GWH-01;WS111
Glaswolplaat 70x600mm;EP-000303-0001;926;565;69;0.03661;0.523;F-5188-1278-261-2418-2929-3191-1342-4950-2929-R0=(0.0.-1.-1679).R1=(-1.0.0.2594).R2=(0.1.0.0).R3=(0.0.0.1);BN01;Isolatiemateriaal;m2;1.308;Gewoonhout Default Project;K00100;GLAW;GWH-01-BN01-MT-01;MT-01;GWH-01;WS111
Glaswolplaat 70x600mm;EP-000303-0001;926;526;69;0.03409;0.487;F-5188-1278-261-2418-2929-3191-1342-4950-2929-R0=(0.0.-1.-1679).R1=(-1.0.0.2594).R2=(0.1.0.0).R3=(0.0.0.1);BN01;Isolatiemateriaal;m2;1.218;Gewoonhout Default Project;K00100;GLAW;GWH-01-BN01-MT-01;MT-01;GWH-01;WS111
Glaswolplaat 70x600mm;EP-000303-0001;539;65;30;0.00245;0.035;F-5188-1278-261-2418-2929-3191-1342-4950-2929-R0=(0.0.-1.-1679).R1=(-1.0.0.2594).R2=(0.1.0.0).R3=(0.0.0.1);BN01;Isolatiemateriaal;m2;0.088;Gewoonhout Default Project;K00100;GLAW;GWH-01-BN01-MT-01;MT-01;GWH-01;WS111
Glaswolplaat 70x600mm;EP-000303-0001;986;539;76;0.03717;0.531;F-5188-1278-261-2418-2929-3191-1342-4950-2929-R0=(0.0.-1.-1679).R1=(-1.0.0.2594).R2=(0.1.0.0).R3=(0.0.0.1);BN01;Isolatiemateriaal;m2;1.328;Gewoonhout Default Project;K00100;GLAW;GWH-01-BN01-MT-01;MT-01;GWH-01;WS111
Glaswolplaat 70x600mm;EP-000303-0001;1689;65;2;0.0077;0.11;F-5188-1278-261-2418-2929-3191-1342-4950-2929-R0=(0.0.-1.-1679).R1=(-1.0.0.2594).R2=(0.1.0.0).R3=(0.0.0.1);BN01;Isolatiemateriaal;m2;0.275;Gewoonhout Default Project;K00100;GLAW;GWH-01-BN01-MT-01;MT-01;GWH-01;WS111
Glaswolplaat 70x600mm;EP-000303-0001;2613;76;2;0.01393;0.199;F-5188-1278-261-2418-2929-3191-1342-4950-2929-R0=(0.0.-1.-1679).R1=(-1.0.0.2594).R2=(0.1.0.0).R3=(0.0.0.1);BN01;Isolatiemateriaal;m2;0.498;Gewoonhout Default Project;K00100;GLAW;GWH-01-BN01-MT-01;MT-01;GWH-01;WS111
Glaswolplaat 70x600mm;EP-000303-0001;2492;505;69;0.20517;2.931;F-3358-R0=(1.0.0.-1679).R1=(0.0.-1.-2594).R2=(0.1.0.0).R3=(0.0.0.1);BN01;Isolatiemateriaal;m2;7.328;Gewoonhout Default Project;K00100;GLAW;GWH-01-BN01-MT-01;MT-01;GWH-01;WS111
Glaswolplaat 70x600mm;EP-000303-0001;2492;565;69;0.22666;3.238;F-3358-R0=(1.0.0.-1679).R1=(0.0.-1.-2594).R2=(0.1.0.0).R3=(0.0.0.1);BN01;Isolatiemateriaal;m2;8.095;Gewoonhout Default Project;K00100;GLAW;GWH-01-BN01-MT-01;MT-01;GWH-01;WS111
Glaswolplaat 70x600mm;EP-000303-0001;2492;565;69;0.22666;3.238;F-3358-R0=(1.0.0.-1679).R1=(0.0.-1.-2594).R2=(0.1.0.0).R3=(0.0.0.1);BN01;Isolatiemateriaal;m2;8.095;Gewoonhout Default Project;K00100;GLAW;GWH-01-BN01-MT-01;MT-01;GWH-01;WS111
Glaswolplaat 70x600mm;EP-000303-0001;2492;565;69;0.22666;3.238;F-3358-R0=(1.0.0.-1679).R1=(0.0.-1.-2594).R2=(0.1.0.0).R3=(0.0.0.1);BN01;Isolatiemateriaal;m2;8.095;Gewoonhout Default Project;K00100;GLAW;GWH-01-BN01-MT-01;MT-01;GWH-01;WS111
Glaswolplaat 70x600mm;EP-000303-0001;2492;476;69;0.19474;2.782;F-3358-R0=(1.0.0.-1679).R1=(0.0.-1.-2594).R2=(0.1.0.0).R3=(0.0.0.1);BN01;Isolatiemateriaal;m2;6.955;Gewoonhout Default Project;K00100;GLAW;GWH-01-BN01-MT-01;MT-01;GWH-01;WS111
Glaswolplaat 70x600mm;EP-000303-0001;110;65;24;0.00049;0.007;MC-0-1-0-0-0-0-0-R0=(0.1.0.-1679).R1=(-1.0.0.-2594).R2=(0.0.1.0).R3=(0.0.0.1);BN01;Isolatiemateriaal;m2;0.018;Gewoonhout Default Project;K00100;GLAW;GWH-01-BN01-MT-01;MT-01;GWH-01;WS111
Glaswolplaat 70x600mm;EP-000303-0001;3011;110;65;0.02513;0.359;MC-0-1-0-0-0-0-0-R0=(0.1.0.-1679).R1=(-1.0.0.-2594).R2=(0.0.1.0).R3=(0.0.0.1);BN01;Isolatiemateriaal;m2;0.898;Gewoonhout Default Project;K00100;GLAW;GWH-01-BN01-MT-01;MT-01;GWH-01;WS111
Glaswolplaat 70x600mm;EP-000303-0001;2613;565;76;0.10332;1.476;F-3358-R0=(1.0.0.-1679).R1=(0.0.-1.-2594).R2=(0.1.0.0).R3=(0.0.0.1);BN01;Isolatiemateriaal;m2;3.69;Gewoonhout Default Project;K00100;GLAW;GWH-01-BN01-MT-01;MT-01;GWH-01;WS111
Glaswolplaat 70x600mm;EP-000303-0001;2613;565;76;0.10332;1.476;F-3358-R0=(1.0.0.-1679).R1=(0.0.-1.-2594).R2=(0.1.0.0).R3=(0.0.0.1);BN01;Isolatiemateriaal;m2;3.69;Gewoonhout Default Project;K00100;GLAW;GWH-01-BN01-MT-01;MT-01;GWH-01;WS111
Glaswolplaat 70x600mm;EP-000303-0001;2613;565;76;0.10332;1.476;F-3358-R0=(1.0.0.-1679).R1=(0.0.-1.-2594).R2=(0.1.0.0).R3=(0.0.0.1);BN01;Isolatiemateriaal;m2;3.69;Gewoonhout Default Project;K00100;GLAW;GWH-01-BN01-MT-01;MT-01;GWH-01;WS111
Glaswolplaat 70x600mm;EP-000303-0001;2613;565;76;0.10332;1.476;F-3358-R0=(1.0.0.-1679).R1=(0.0.-1.-2594).R2=(0.1.0.0).R3=(0.0.0.1);BN01;Isolatiemateriaal;m2;3.69;Gewoonhout Default Project;K00100;GLAW;GWH-01-BN01-MT-01;MT-01;GWH-01;WS111
Glaswolplaat 70x600mm;EP-000303-0001;2613;536;76;0.09807;1.401;F-3358-R0=(1.0.0.-1679).R1=(0.0.-1.-2594).R2=(0.1.0.0).R3=(0.0.0.1);BN01;Isolatiemateriaal;m2;3.502;Gewoonhout Default Project;K00100;GLAW;GWH-01-BN01-MT-01;MT-01;GWH-01;WS111
Glaswolplaat 70x600mm;EP-000303-0001;141;65;24;0.00063;0.009;MC-0-1-0-0-0-0-0-R0=(0.1.0.-1679).R1=(-1.0.0.-2594).R2=(0.0.1.0).R3=(0.0.0.1);BN01;Isolatiemateriaal;m2;0.022;Gewoonhout Default Project;K00100;GLAW;GWH-01-BN01-MT-01;MT-01;GWH-01;WS111
Glaswolplaat 70x600mm;EP-000303-0001;3011;141;65;0.0322;0.46;MC-0-1-0-0-0-0-0-R0=(0.1.0.-1679).R1=(-1.0.0.-2594).R2=(0.0.1.0).R3=(0.0.0.1);BN01;Isolatiemateriaal;m2;1.15;Gewoonhout Default Project;K00100;GLAW;GWH-01-BN01-MT-01;MT-01;GWH-01;WS111
Glaswolplaat 70x600mm;EP-000303-0001;3068;144;65;0.03094;0.442;FTB-3358-0-R0=(1.0.0.-1679).R1=(0.0.-1.-2594).R2=(0.1.0.0).R3=(0.0.0.1);BN01;Isolatiemateriaal;m2;1.105;Gewoonhout Default Project;K00100;GLAW;GWH-01-BN01-MT-01;MT-01;GWH-01;WS111
Glaswolplaat 70x600mm;EP-000303-0001;2976;295;65;0.15253;2.179;F-3358-R0=(1.0.0.-1679).R1=(0.0.-1.-2594).R2=(0.1.0.0).R3=(0.0.0.1);BN01;Isolatiemateriaal;m2;5.448;Gewoonhout Default Project;K00100;GLAW;GWH-01-BN01-MT-01;MT-01;GWH-01;WS111
Glaswolplaat 70x600mm;EP-000303-0001;2976;574;65;0.26957;3.851;F-3358-R0=(1.0.0.-1679).R1=(0.0.-1.-2594).R2=(0.1.0.0).R3=(0.0.0.1);BN01;Isolatiemateriaal;m2;9.628;Gewoonhout Default Project;K00100;GLAW;GWH-01-BN01-MT-01;MT-01;GWH-01;WS111
Glaswolplaat 70x600mm;EP-000303-0001;2976;574;65;0.26957;3.851;F-3358-R0=(1.0.0.-1679).R1=(0.0.-1.-2594).R2=(0.1.0.0).R3=(0.0.0.1);BN01;Isolatiemateriaal;m2;9.628;Gewoonhout Default Project;K00100;GLAW;GWH-01-BN01-MT-01;MT-01;GWH-01;WS111
Glaswolplaat 70x600mm;EP-000303-0001;2976;574;65;0.26957;3.851;F-3358-R0=(1.0.0.-1679).R1=(0.0.-1.-2594).R2=(0.1.0.0).R3=(0.0.0.1);BN01;Isolatiemateriaal;m2;9.628;Gewoonhout Default Project;K00100;GLAW;GWH-01-BN01-MT-01;MT-01;GWH-01;WS111
Glaswolplaat 70x600mm;EP-000303-0001;2976;469;65;0.0945;1.35;F-3358-R0=(1.0.0.-1679).R1=(0.0.-1.-2594).R2=(0.1.0.0).R3=(0.0.0.1);BN01;Isolatiemateriaal;m2;3.375;Gewoonhout Default Project;K00100;GLAW;GWH-01-BN01-MT-01;MT-01;GWH-01;WS111
Glaswolplaat 70x600mm;EP-000303-0001;3068;98;65;0.02107;0.301;FTT-3358-0-R0=(1.0.0.-1679).R1=(0.0.-1.-2594).R2=(0.1.0.0).R3=(0.0.0.1);BN01;Isolatiemateriaal;m2;0.752;Gewoonhout Default Project;K00100;GLAW;GWH-01-BN01-MT-01;MT-01;GWH-01;WS111
MDF Wandafwerking 10mm;EP-000247-0001;2615;1012;10;0.02646;2.646;fail;BN01;Afwerking;m2;19.845;Gewoonhout Default Project;K00100;CLIC;GWH-01-BN01-MT-01;MT-01;GWH-01;WS115
MDF Wandafwerking 10mm;EP-000247-0001;2615;46;10;0.0012;0.12;fail;BN01;Afwerking;m2;0.9;Gewoonhout Default Project;K00100;CLIC;GWH-01-BN01-MT-01;MT-01;GWH-01;WS115
MDF Wandafwerking 10mm;EP-000247-0001;2615;310;10;0.00811;0.811;fail;BN01;Afwerking;m2;6.082;Gewoonhout Default Project;K00100;CLIC;GWH-01-BN01-MT-01;MT-01;GWH-01;WS115
MDF Wandafwerking 10mm;EP-000247-0001;2615;163;10;0.00426;0.426;fail;BN01;Afwerking;m2;3.195;Gewoonhout Default Project;K00100;CLIC;GWH-01-BN01-MT-01;MT-01;GWH-01;WS115
MDF Wandafwerking 10mm;EP-000247-0001;2610;163;10;0.01;1;F-5188-238-1342-1997-2928-2770-261-3910-2928-R0=(0.0.-1.-1679).R1=(-1.0.0.2594).R2=(0.1.0.0).R3=(0.0.0.1);BN01;Afwerking;m2;7.5;Gewoonhout Default Project;K00100;CLIC;GWH-01-BN01-MT-01;MT-01;GWH-01;WS115
MDF Wandafwerking 10mm;EP-000247-0001;2610;163;10;0.01;1;F-5188-238-1342-1997-2928-2770-261-3910-2928-R0=(0.0.-1.-1679).R1=(-1.0.0.2594).R2=(0.1.0.0).R3=(0.0.0.1);BN01;Afwerking;m2;7.5;Gewoonhout Default Project;K00100;CLIC;GWH-01-BN01-MT-01;MT-01;GWH-01;WS115
MDF Wandafwerking 10mm;EP-000247-0001;2615;60;10;0.00105;0.105;fail;BN01;Afwerking;m2;0.788;Gewoonhout Default Project;K00100;CLIC;GWH-01-BN01-MT-01;MT-01;GWH-01;WS115
MDF Wandafwerking 10mm;EP-000247-0001;1561;173;10;0.0027;0.27;fail;BN01;Afwerking;m2;2.025;Gewoonhout Default Project;K00100;CLIC;GWH-01-BN01-MT-01;MT-01;GWH-01;WS115
MDF Wandafwerking 10mm;EP-000247-0001;2615;2439;10;0.01;1;fail;BN01;Afwerking;m2;7.5;Gewoonhout Default Project;K00100;CLIC;GWH-01-BN01-MT-01;MT-01;GWH-01;WS115
MDF Wandafwerking 10mm;EP-000247-0001;1561;173;10;0.0027;0.27;fail;BN01;Afwerking;m2;2.025;Gewoonhout Default Project;K00100;CLIC;GWH-01-BN01-MT-01;MT-01;GWH-01;WS115
MDF Wandafwerking 10mm;EP-000247-0001;3040;2615;10;0.01569;1.569;fail;BN01;Afwerking;m2;11.768;Gewoonhout Default Project;K00100;CLIC;GWH-01-BN01-MT-01;MT-01;GWH-01;WS115
MDF Wandafwerking 10mm;EP-000247-0001;2615;290;10;0.00758;0.758;fail;BN01;Afwerking;m2;5.685;Gewoonhout Default Project;K00100;CLIC;GWH-01-BN01-MT-01;MT-01;GWH-01;WS115
SPANO 18 Wand 63x266 dfa5;CE-011349-0001;2612.4;619.9;18;0.0283655804;1;FS-0-3358-R0=(1.0.0.-145).R1=(0.0.-1.-2594).R2=(0.1.0.0).R3=(0.0.0.1);BN01;Hout Plaat;unit;20.423;Gewoonhout Default Project;K00100;SPANO;GWH-01-BN01-MT-01;MT-01;GWH-01;WS109
SPANO 18 Wand 128x266 92e5;CE-011348-0001;2612.4;1253.4;18;0.0573245518;1;FS-0-3358-R0=(1.0.0.-145).R1=(0.0.-1.-2594).R2=(0.1.0.0).R3=(0.0.0.1);BN01;Hout Plaat;unit;41.274;Gewoonhout Default Project;K00100;SPANO;GWH-01-BN01-MT-01;MT-01;GWH-01;WS109
SPANO 18 Wand 128x266 a6f8;CE-011187-0001;2612.4;1253.4;18;0.0573245518;1;F-3358-R0=(1.0.0.-1679).R1=(0.0.-1.-2594).R2=(0.1.0.0).R3=(0.0.0.1);BN01;Hout Plaat;unit;41.274;Gewoonhout Default Project;K00100;SPANO;GWH-01-BN01-MT-01;MT-01;GWH-01;WS109
SPANO 18 Wand 61x266 aae2;CE-011186-0001;2612.4;601.9;18;0.0275192287;1;F-3358-R0=(1.0.0.-1679).R1=(0.0.-1.-2594).R2=(0.1.0.0).R3=(0.0.0.1);BN01;Hout Plaat;unit;19.814;Gewoonhout Default Project;K00100;SPANO;GWH-01-BN01-MT-01;MT-01;GWH-01;WS109
LVLQ 69 Randlat 307 db3f;CE-010715-0001;3065.4;60;69;0.0123885952;1;F-3358-R0=(1.0.0.-1679).R1=(0.0.-1.-2594).R2=(0.1.0.0).R3=(0.0.0.1);BN01;Hout LVL;unit;6.318;Gewoonhout Default Project;K00100;LVLQ;GWH-01-BN01-MT-01;MT-01;GWH-01;WS108
LVLQ 69 Randlat 307 fe4e;CE-010714-0001;3065.4;60;69;0.0117576952;1;F-3358-R0=(1.0.0.-1679).R1=(0.0.-1.-2594).R2=(0.1.0.0).R3=(0.0.0.1);BN01;Hout LVL;unit;5.996;Gewoonhout Default Project;K00100;LVLQ;GWH-01-BN01-MT-01;MT-01;GWH-01;WS108
LVLQ 69 Randlat 249 c4a0;CE-010678-0001;2492.4;60;69;0.0100728556;1;F-3358-R0=(1.0.0.-1679).R1=(0.0.-1.-2594).R2=(0.1.0.0).R3=(0.0.0.1);BN01;Hout LVL;unit;5.137;Gewoonhout Default Project;K00100;LVLQ;GWH-01-BN01-MT-01;MT-01;GWH-01;WS108
LVLS 63 Randregel 490 db42;CE-009952-0001;4896;63;63;0.0186466627;1;F-5188-1278-261-2418-2929-3191-1342-4950-2929-R0=(0.0.-1.-1679).R1=(-1.0.0.2594).R2=(0.1.0.0).R3=(0.0.0.1);BN01;Hout LVL;unit;9.51;Gewoonhout Default Project;K00100;LVLS;GWH-01-BN01-MT-01;MT-01;GWH-01;WS108
LVLS 63 Randregel 490 82b3;CE-009951-0001;4896;63;63;0.0184487809;1;F-5188-1278-261-2418-2929-3191-1342-4950-2929-R0=(0.0.-1.-1679).R1=(-1.0.0.2594).R2=(0.1.0.0).R3=(0.0.0.1);BN01;Hout LVL;unit;9.409;Gewoonhout Default Project;K00100;LVLS;GWH-01-BN01-MT-01;MT-01;GWH-01;WS108
LVLS 63 Gevelregel 261 0611;CE-009950-0001;2612.8;45;63;0.0071907509;1;F-5188-1278-261-2418-2929-3191-1342-4950-2929-R0=(0.0.-1.-1679).R1=(-1.0.0.2594).R2=(0.1.0.0).R3=(0.0.0.1);BN01;Hout LVL;unit;3.667;Gewoonhout Default Project;K00100;LVLS;GWH-01-BN01-MT-01;MT-01;GWH-01;WS111
LVLS 63 Gevelregel 261 0611;CE-009950-0001;2612.8;45;63;0.0071907509;1;F-5188-1278-261-2418-2929-3191-1342-4950-2929-R0=(0.0.-1.-1679).R1=(-1.0.0.2594).R2=(0.1.0.0).R3=(0.0.0.1);BN01;Hout LVL;unit;3.667;Gewoonhout Default Project;K00100;LVLS;GWH-01-BN01-MT-01;MT-01;GWH-01;WS111
LVLS 63 Gevelregel 261 0611;CE-009950-0001;2612.8;45;63;0.0071907509;1;F-5188-1278-261-2418-2929-3191-1342-4950-2929-R0=(0.0.-1.-1679).R1=(-1.0.0.2594).R2=(0.1.0.0).R3=(0.0.0.1);BN01;Hout LVL;unit;3.667;Gewoonhout Default Project;K00100;LVLS;GWH-01-BN01-MT-01;MT-01;GWH-01;WS111
SPANO 18 Wand 79x266 c3e8;CE-009947-0001;2612.4;772.4;18;0.0358658798;1;F-5188-1278-261-2418-2929-3191-1342-4950-2929-R0=(0.0.-1.-1679).R1=(-1.0.0.2594).R2=(0.1.0.0).R3=(0.0.0.1);BN01;Hout Plaat;unit;25.823;Gewoonhout Default Project;K00100;SPANO;GWH-01-BN01-MT-01;MT-01;GWH-01;WS109
SPANO 18 Wand 7x159 57d7;CE-009946-0001;1563.4;73.4;18;0.0020641794;1;F-5188-1278-261-2418-2929-3191-1342-4950-2929-R0=(0.0.-1.-1679).R1=(-1.0.0.2594).R2=(0.1.0.0).R3=(0.0.0.1);BN01;Hout Plaat;unit;1.486;Gewoonhout Default Project;K00100;SPANO;GWH-01-BN01-MT-01;MT-01;GWH-01;WS109
LVLS 63 Gevelregel 75 51b7;CE-009943-0001;750.5;45;63;0.0020761652;1;F-5188-1278-261-2418-2929-3191-1342-4950-2929-R0=(0.0.-1.-1679).R1=(-1.0.0.2594).R2=(0.1.0.0).R3=(0.0.0.1);BN01;Hout LVL;unit;1.059;Gewoonhout Default Project;K00100;LVLS;GWH-01-BN01-MT-01;MT-01;GWH-01;WS111
LVLS 63 Gevelregel 75 51b7;CE-009943-0001;750.5;45;63;0.0020761652;1;F-5188-1278-261-2418-2929-3191-1342-4950-2929-R0=(0.0.-1.-1679).R1=(-1.0.0.2594).R2=(0.1.0.0).R3=(0.0.0.1);BN01;Hout LVL;unit;1.059;Gewoonhout Default Project;K00100;LVLS;GWH-01-BN01-MT-01;MT-01;GWH-01;WS111
SPANO 18 Wand 128x266 17b8;CE-009928-0001;2612.4;1258.9;18;0.0583633896;1;F-3358-R0=(1.0.0.-1679).R1=(0.0.-1.-2594).R2=(0.1.0.0).R3=(0.0.0.1);BN01;Hout Plaat;unit;42.022;Gewoonhout Default Project;K00100;SPANO;GWH-01-BN01-MT-01;MT-01;GWH-01;WS109
SPANO 18 Wand 128x266 7515;CE-009886-0001;2612.4;1258.9;18;0.0583633236;1;FS-0-3358-R0=(1.0.0.-145).R1=(0.0.-1.-2594).R2=(0.1.0.0).R3=(0.0.0.1);BN01;Hout Plaat;unit;42.022;Gewoonhout Default Project;K00100;SPANO;GWH-01-BN01-MT-01;MT-01;GWH-01;WS109
LVLS 63 Gevelregel 112 8dd2;CE-009771-0001;1120.8;45;63;0.0030975065;1;F-5188-1278-261-2418-2929-3191-1342-4950-2929-R0=(0.0.-1.-1679).R1=(-1.0.0.2594).R2=(0.1.0.0).R3=(0.0.0.1);BN01;Hout LVL;unit;1.58;Gewoonhout Default Project;K00100;LVLS;GWH-01-BN01-MT-01;MT-01;GWH-01;WS111
LVLS 63 Gevelregel 112 8dd2;CE-009771-0001;1120.8;45;63;0.0030975065;1;F-5188-1278-261-2418-2929-3191-1342-4950-2929-R0=(0.0.-1.-1679).R1=(-1.0.0.2594).R2=(0.1.0.0).R3=(0.0.0.1);BN01;Hout LVL;unit;1.58;Gewoonhout Default Project;K00100;LVLS;GWH-01-BN01-MT-01;MT-01;GWH-01;WS111
LVLS 63 Gevelregel 112 8dd2;CE-009771-0001;1120.8;45;63;0.0030975065;1;F-5188-1278-261-2418-2929-3191-1342-4950-2929-R0=(0.0.-1.-1679).R1=(-1.0.0.2594).R2=(0.1.0.0).R3=(0.0.0.1);BN01;Hout LVL;unit;1.58;Gewoonhout Default Project;K00100;LVLS;GWH-01-BN01-MT-01;MT-01;GWH-01;WS111
LVLS 63 Gevelregel 112 8dd2;CE-009771-0001;1120.8;45;63;0.0030975065;1;F-5188-1278-261-2418-2929-3191-1342-4950-2929-R0=(0.0.-1.-1679).R1=(-1.0.0.2594).R2=(0.1.0.0).R3=(0.0.0.1);BN01;Hout LVL;unit;1.58;Gewoonhout Default Project;K00100;LVLS;GWH-01-BN01-MT-01;MT-01;GWH-01;WS111
LVLS 63 Gevelregel 112 8dd2;CE-009771-0001;1120.8;45;63;0.0030975065;1;F-5188-1278-261-2418-2929-3191-1342-4950-2929-R0=(0.0.-1.-1679).R1=(-1.0.0.2594).R2=(0.1.0.0).R3=(0.0.0.1);BN01;Hout LVL;unit;1.58;Gewoonhout Default Project;K00100;LVLS;GWH-01-BN01-MT-01;MT-01;GWH-01;WS111
SPANO 18 Wand 115x266 f99a;CE-009766-0001;2612.4;1131.4;18;0.0531984872;1;F-5188-1278-261-2418-2929-3191-1342-4950-2929-R0=(0.0.-1.-1679).R1=(-1.0.0.2594).R2=(0.1.0.0).R3=(0.0.0.1);BN01;Hout Plaat;unit;38.303;Gewoonhout Default Project;K00100;SPANO;GWH-01-BN01-MT-01;MT-01;GWH-01;WS109
LVLS 63 Kozijnlat 185 e66b;CE-009698-0001;1849;210;63;0.0235492442;1;F-5188-1278-261-2418-2929-3191-1342-4950-2929-R0=(0.0.-1.-1679).R1=(-1.0.0.2594).R2=(0.1.0.0).R3=(0.0.0.1);BN01;Hout LVL;unit;12.01;Gewoonhout Default Project;K00100;LVLS;GWH-01-BN01-MT-01;MT-01;GWH-01;WS108
LVLQ 69 Randlat 111 87cf;CE-009695-0001;1109.2;60;69;0.0044824155;1;F-5188-1278-261-2418-2929-3191-1342-4950-2929-R0=(0.0.-1.-1679).R1=(-1.0.0.2594).R2=(0.1.0.0).R3=(0.0.0.1);BN01;Hout LVL;unit;2.286;Gewoonhout Default Project;K00100;LVLQ;GWH-01-BN01-MT-01;MT-01;GWH-01;WS108
SPANO 18 Wand 128x107 ed97;CE-009689-0002;1253.4;1048.4;18;0.0230048644;1;F-5188-1278-261-2418-2929-3191-1342-4950-2929-R0=(0.0.-1.-1679).R1=(-1.0.0.2594).R2=(0.1.0.0).R3=(0.0.0.1);BN01;Hout Plaat;unit;16.564;Gewoonhout Default Project;K00100;SPANO;GWH-01-BN01-MT-01;MT-01;GWH-01;WS109
LVLS 45 WSW Wandstijl 257 9aeb;CE-009467-0001;2568;70;45;0.008012565;1;FS-0-3358-R0=(-1.0.0.145).R1=(0.0.1.2594).R2=(0.1.0.0).R3=(0.0.0.1);BN01;Hout LVL;unit;4.086;Gewoonhout Default Project;K00100;LVLS;GWH-01-BN01-MT-01;MT-01;GWH-01;WS114
LVLS 45 WSW Wandstijl 257 9aeb;CE-009467-0001;2568;70;45;0.008012565;1;FS-0-3358-R0=(-1.0.0.145).R1=(0.0.1.2594).R2=(0.1.0.0).R3=(0.0.0.1);BN01;Hout LVL;unit;4.086;Gewoonhout Default Project;K00100;LVLS;GWH-01-BN01-MT-01;MT-01;GWH-01;WS114
LVLS 45 WSW Wandstijl 257 9aeb;CE-009467-0001;2568;70;45;0.008012565;1;FS-0-3358-R0=(-1.0.0.145).R1=(0.0.1.2594).R2=(0.1.0.0).R3=(0.0.0.1);BN01;Hout LVL;unit;4.086;Gewoonhout Default Project;K00100;LVLS;GWH-01-BN01-MT-01;MT-01;GWH-01;WS114
LVLS 45 WSW Wandstijl 257 9aeb;CE-009467-0001;2568;70;45;0.008012565;1;FS-0-3358-R0=(-1.0.0.145).R1=(0.0.1.2594).R2=(0.1.0.0).R3=(0.0.0.1);BN01;Hout LVL;unit;4.086;Gewoonhout Default Project;K00100;LVLS;GWH-01-BN01-MT-01;MT-01;GWH-01;WS114
LVLS 45 WSW Wandstijl 257 9aeb;CE-009467-0001;2568;70;45;0.008012565;1;FS-0-3358-R0=(-1.0.0.145).R1=(0.0.1.2594).R2=(0.1.0.0).R3=(0.0.0.1);BN01;Hout LVL;unit;4.086;Gewoonhout Default Project;K00100;LVLS;GWH-01-BN01-MT-01;MT-01;GWH-01;WS114
LVLS 45 WSW Wandstijl 257 9aeb;CE-009467-0001;2568;70;45;0.008012565;1;FS-0-3358-R0=(-1.0.0.145).R1=(0.0.1.2594).R2=(0.1.0.0).R3=(0.0.0.1);BN01;Hout LVL;unit;4.086;Gewoonhout Default Project;K00100;LVLS;GWH-01-BN01-MT-01;MT-01;GWH-01;WS114
LVLS 45 WSW Regel 307 6f3a;CE-009466-0001;3066;70;45;0.0094212621;1;FS-0-3358-R0=(-1.0.0.145).R1=(0.0.1.2594).R2=(0.1.0.0).R3=(0.0.0.1);BN01;Hout LVL;unit;4.805;Gewoonhout Default Project;K00100;LVLS;GWH-01-BN01-MT-01;MT-01;GWH-01;WS114
LVLS 45 WSW Regel 307 291f;CE-009458-0001;3066;70;45;0.0094212621;1;FS-0-3358-R0=(-1.0.0.145).R1=(0.0.1.2594).R2=(0.1.0.0).R3=(0.0.0.1);BN01;Hout LVL;unit;4.805;Gewoonhout Default Project;K00100;LVLS;GWH-01-BN01-MT-01;MT-01;GWH-01;WS114
LVLS 45 Facade Kolomklos 110;CE-009254-0001;110;65;45;0.00032175;1;MC-0-1-0-0-0-0-0-R0=(0.1.0.-1679).R1=(-1.0.0.-2594).R2=(0.0.1.0).R3=(0.0.0.1);BN01;Hout LVL;unit;0.164;Gewoonhout Default Project;K00100;LVLS;GWH-01-BN01-MT-01;MT-01;GWH-01;WS108
LVLS 45 Facade Kolomklos 140;CE-009253-0001;140;65;45;0.0004095;1;MC-0-1-0-0-0-0-0-R0=(0.1.0.-1679).R1=(-1.0.0.-2594).R2=(0.0.1.0).R3=(0.0.0.1);BN01;Hout LVL;unit;0.209;Gewoonhout Default Project;K00100;LVLS;GWH-01-BN01-MT-01;MT-01;GWH-01;WS108
LVLS 45 Gevelstijl 273 6244;CE-008910-0001;2729.6;210;45;0.0220694926;1;F-5188-1278-261-2418-2929-3191-1342-4950-2929-R0=(0.0.-1.-1679).R1=(-1.0.0.2594).R2=(0.1.0.0).R3=(0.0.0.1);BN01;Hout LVL;unit;11.255;Gewoonhout Default Project;K00100;LVLS;GWH-01-BN01-MT-01;MT-01;GWH-01;WS108
LVLS 45 Gevelstijl 273 fbf5;CE-008894-0001;2729.6;210;45;0.0220694926;1;F-5188-1278-261-2418-2929-3191-1342-4950-2929-R0=(0.0.-1.-1679).R1=(-1.0.0.2594).R2=(0.1.0.0).R3=(0.0.0.1);BN01;Hout LVL;unit;11.255;Gewoonhout Default Project;K00100;LVLS;GWH-01-BN01-MT-01;MT-01;GWH-01;WS108
LVLS 45 Gevelstijl 105 a528;CE-008893-0001;1059.3;210;45;0.0070449704;1;F-5188-1278-261-2418-2929-3191-1342-4950-2929-R0=(0.0.-1.-1679).R1=(-1.0.0.2594).R2=(0.1.0.0).R3=(0.0.0.1);BN01;Hout LVL;unit;3.593;Gewoonhout Default Project;K00100;LVLS;GWH-01-BN01-MT-01;MT-01;GWH-01;WS108
LVLS 45 Gevelstijl 105 a528;CE-008893-0001;1059.3;210;45;0.0070449704;1;F-5188-1278-261-2418-2929-3191-1342-4950-2929-R0=(0.0.-1.-1679).R1=(-1.0.0.2594).R2=(0.1.0.0).R3=(0.0.0.1);BN01;Hout LVL;unit;3.593;Gewoonhout Default Project;K00100;LVLS;GWH-01-BN01-MT-01;MT-01;GWH-01;WS108
LVLS 45 Gevelstijl 273 d14e;CE-008851-0001;2729.6;210;45;0.0242877248;1;F-5188-1278-261-2418-2929-3191-1342-4950-2929-R0=(0.0.-1.-1679).R1=(-1.0.0.2594).R2=(0.1.0.0).R3=(0.0.0.1);BN01;Hout LVL;unit;12.387;Gewoonhout Default Project;K00100;LVLS;GWH-01-BN01-MT-01;MT-01;GWH-01;WS108
LVLS 45 Gevelstijl 273 c603;CE-008809-0001;2729.6;210;45;0.0242877248;1;F-5188-1278-261-2418-2929-3191-1342-4950-2929-R0=(0.0.-1.-1679).R1=(-1.0.0.2594).R2=(0.1.0.0).R3=(0.0.0.1);BN01;Hout LVL;unit;12.387;Gewoonhout Default Project;K00100;LVLS;GWH-01-BN01-MT-01;MT-01;GWH-01;WS108
LVLS 45 Gevelstijl 273 1253;CE-008805-0001;2729.6;210;45;0.0182519202;1;F-5188-1278-261-2418-2929-3191-1342-4950-2929-R0=(0.0.-1.-1679).R1=(-1.0.0.2594).R2=(0.1.0.0).R3=(0.0.0.1);BN01;Hout LVL;unit;9.308;Gewoonhout Default Project;K00100;LVLS;GWH-01-BN01-MT-01;MT-01;GWH-01;WS108
LVLS 45 Gevelstijl 273 1253;CE-008805-0001;2729.6;210;45;0.0182519202;1;F-5188-1278-261-2418-2929-3191-1342-4950-2929-R0=(0.0.-1.-1679).R1=(-1.0.0.2594).R2=(0.1.0.0).R3=(0.0.0.1);BN01;Hout LVL;unit;9.308;Gewoonhout Default Project;K00100;LVLS;GWH-01-BN01-MT-01;MT-01;GWH-01;WS108
LVLS 45 Gevelstijl 273 1253;CE-008805-0001;2729.6;210;45;0.0182519202;1;F-5188-1278-261-2418-2929-3191-1342-4950-2929-R0=(0.0.-1.-1679).R1=(-1.0.0.2594).R2=(0.1.0.0).R3=(0.0.0.1);BN01;Hout LVL;unit;9.308;Gewoonhout Default Project;K00100;LVLS;GWH-01-BN01-MT-01;MT-01;GWH-01;WS108
LVLS 45 Gevelstijl 273 1253;CE-008805-0001;2729.6;210;45;0.0182519202;1;F-5188-1278-261-2418-2929-3191-1342-4950-2929-R0=(0.0.-1.-1679).R1=(-1.0.0.2594).R2=(0.1.0.0).R3=(0.0.0.1);BN01;Hout LVL;unit;9.308;Gewoonhout Default Project;K00100;LVLS;GWH-01-BN01-MT-01;MT-01;GWH-01;WS108
LVLS 45 Gevelstijl 273 1253;CE-008805-0001;2729.6;210;45;0.0182519202;1;F-5188-1278-261-2418-2929-3191-1342-4950-2929-R0=(0.0.-1.-1679).R1=(-1.0.0.2594).R2=(0.1.0.0).R3=(0.0.0.1);BN01;Hout LVL;unit;9.308;Gewoonhout Default Project;K00100;LVLS;GWH-01-BN01-MT-01;MT-01;GWH-01;WS108
LVLS 45 Gevelstijl 273 1253;CE-008805-0001;2729.6;210;45;0.0182519202;1;F-5188-1278-261-2418-2929-3191-1342-4950-2929-R0=(0.0.-1.-1679).R1=(-1.0.0.2594).R2=(0.1.0.0).R3=(0.0.0.1);BN01;Hout LVL;unit;9.308;Gewoonhout Default Project;K00100;LVLS;GWH-01-BN01-MT-01;MT-01;GWH-01;WS108
LVLS 45 Gevelstijl 273 1253;CE-008805-0001;2729.6;210;45;0.0182519202;1;F-5188-1278-261-2418-2929-3191-1342-4950-2929-R0=(0.0.-1.-1679).R1=(-1.0.0.2594).R2=(0.1.0.0).R3=(0.0.0.1);BN01;Hout LVL;unit;9.308;Gewoonhout Default Project;K00100;LVLS;GWH-01-BN01-MT-01;MT-01;GWH-01;WS108
LVLS 45 Gevelstijl 273 1253;CE-008805-0001;2729.6;210;45;0.0182519202;1;F-5188-1278-261-2418-2929-3191-1342-4950-2929-R0=(0.0.-1.-1679).R1=(-1.0.0.2594).R2=(0.1.0.0).R3=(0.0.0.1);BN01;Hout LVL;unit;9.308;Gewoonhout Default Project;K00100;LVLS;GWH-01-BN01-MT-01;MT-01;GWH-01;WS108
LVLS 45 Gevelstijl 273 1253;CE-008805-0001;2729.6;210;45;0.0182519202;1;F-5188-1278-261-2418-2929-3191-1342-4950-2929-R0=(0.0.-1.-1679).R1=(-1.0.0.2594).R2=(0.1.0.0).R3=(0.0.0.1);BN01;Hout LVL;unit;9.308;Gewoonhout Default Project;K00100;LVLS;GWH-01-BN01-MT-01;MT-01;GWH-01;WS108
LVLS 45 Gevelstijl 273 1253;CE-008805-0001;2729.6;210;45;0.0182519202;1;F-5188-1278-261-2418-2929-3191-1342-4950-2929-R0=(0.0.-1.-1679).R1=(-1.0.0.2594).R2=(0.1.0.0).R3=(0.0.0.1);BN01;Hout LVL;unit;9.308;Gewoonhout Default Project;K00100;LVLS;GWH-01-BN01-MT-01;MT-01;GWH-01;WS108
LVLQ 69 Randlat 249 c4a0;CE-008492-0001;2492.4;60;69;0.0100727851;1;F-5188-1278-261-2418-2929-3191-1342-4950-2929-R0=(0.0.-1.-1679).R1=(-1.0.0.2594).R2=(0.1.0.0).R3=(0.0.0.1);BN01;Hout LVL;unit;5.137;Gewoonhout Default Project;K00100;LVLQ;GWH-01-BN01-MT-01;MT-01;GWH-01;WS108
LVLQ 69 Randlat 249 fdd9;CE-008491-0002;2492.4;60;69;0.0100728556;1;F-3358-R0=(1.0.0.-1679).R1=(0.0.-1.-2594).R2=(0.1.0.0).R3=(0.0.0.1);BN01;Hout LVL;unit;5.137;Gewoonhout Default Project;K00100;LVLQ;GWH-01-BN01-MT-01;MT-01;GWH-01;WS108
LVLS 63 Gevelregel 500;CE-007957-0001;500;60;63;0.0018895133;1;MPR-5-0-0-0-R0=(0.0.1.0).R1=(0.-1.0.-2594).R2=(1.0.0.0).R3=(0.0.0.1);BN01;Hout LVL;unit;0.964;Gewoonhout Default Project;K00100;LVLS;GWH-01-BN01-MT-01;MT-01;GWH-01;WS101
LVLS 63 Gevelregel 500;CE-007957-0001;500;60;63;0.0018895133;1;MPR-5-0-0-0-R0=(0.0.1.0).R1=(0.-1.0.-2594).R2=(1.0.0.0).R3=(0.0.0.1);BN01;Hout LVL;unit;0.964;Gewoonhout Default Project;K00100;LVLS;GWH-01-BN01-MT-01;MT-01;GWH-01;WS101
LVLS 63 Gevelregel 596;CE-007956-0001;596;60;63;0.0022523933;1;MPR-5-0-0-0-R0=(0.0.1.0).R1=(0.-1.0.-2594).R2=(1.0.0.0).R3=(0.0.0.1);BN01;Hout LVL;unit;1.149;Gewoonhout Default Project;K00100;LVLS;GWH-01-BN01-MT-01;MT-01;GWH-01;WS101
LVLS 63 Gevelregel 596;CE-007956-0001;596;60;63;0.0022523933;1;MPR-5-0-0-0-R0=(0.0.1.0).R1=(0.-1.0.-2594).R2=(1.0.0.0).R3=(0.0.0.1);BN01;Hout LVL;unit;1.149;Gewoonhout Default Project;K00100;LVLS;GWH-01-BN01-MT-01;MT-01;GWH-01;WS101
LVLS 63 Gevelregel 596;CE-007956-0001;596;60;63;0.0022523933;1;MPR-5-0-0-0-R0=(0.0.1.0).R1=(0.-1.0.-2594).R2=(1.0.0.0).R3=(0.0.0.1);BN01;Hout LVL;unit;1.149;Gewoonhout Default Project;K00100;LVLS;GWH-01-BN01-MT-01;MT-01;GWH-01;WS101
LVLS 63 Randregel 6 92f6;CE-007665-0001;3066;63;63;0.0115800511;1;F-3358-R0=(1.0.0.-1679).R1=(0.0.-1.-2594).R2=(0.1.0.0).R3=(0.0.0.1);BN01;Hout LVL;unit;5.906;Gewoonhout Default Project;K00100;LVLS;GWH-01-BN01-MT-01;MT-01;GWH-01;WS108
LVLS 63 Randregel 307 1f02;CE-007664-0001;3066;63;63;0.0115800511;1;F-3358-R0=(1.0.0.-1679).R1=(0.0.-1.-2594).R2=(0.1.0.0).R3=(0.0.0.1);BN01;Hout LVL;unit;5.906;Gewoonhout Default Project;K00100;LVLS;GWH-01-BN01-MT-01;MT-01;GWH-01;WS108
LVLS 63 Gevelregel 307 dbf3;CE-007663-0001;3066;45;63;0.0084794159;1;F-3358-R0=(1.0.0.-1679).R1=(0.0.-1.-2594).R2=(0.1.0.0).R3=(0.0.0.1);BN01;Hout LVL;unit;4.325;Gewoonhout Default Project;K00100;LVLS;GWH-01-BN01-MT-01;MT-01;GWH-01;WS111
LVLS 63 Gevelregel 307 dbf3;CE-007663-0001;3066;45;63;0.0084794159;1;F-3358-R0=(1.0.0.-1679).R1=(0.0.-1.-2594).R2=(0.1.0.0).R3=(0.0.0.1);BN01;Hout LVL;unit;4.325;Gewoonhout Default Project;K00100;LVLS;GWH-01-BN01-MT-01;MT-01;GWH-01;WS111
LVLS 63 Gevelregel 307 dbf3;CE-007663-0001;3066;45;63;0.0084794159;1;F-3358-R0=(1.0.0.-1679).R1=(0.0.-1.-2594).R2=(0.1.0.0).R3=(0.0.0.1);BN01;Hout LVL;unit;4.325;Gewoonhout Default Project;K00100;LVLS;GWH-01-BN01-MT-01;MT-01;GWH-01;WS111
LVLS 63 Gevelregel 307 dbf3;CE-007663-0001;3066;45;63;0.0084794159;1;F-3358-R0=(1.0.0.-1679).R1=(0.0.-1.-2594).R2=(0.1.0.0).R3=(0.0.0.1);BN01;Hout LVL;unit;4.325;Gewoonhout Default Project;K00100;LVLS;GWH-01-BN01-MT-01;MT-01;GWH-01;WS111
LVLS 63 Gevelregel 307 dbf3;CE-007663-0001;3066;45;63;0.0084794159;1;F-3358-R0=(1.0.0.-1679).R1=(0.0.-1.-2594).R2=(0.1.0.0).R3=(0.0.0.1);BN01;Hout LVL;unit;4.325;Gewoonhout Default Project;K00100;LVLS;GWH-01-BN01-MT-01;MT-01;GWH-01;WS111
LVLS 33 Stapelklos;CE-007542-0001;85;75;30;0.0002;1;MP-5-8-0-R0=(1.0.0.0).R1=(0.1.0.0).R2=(0.0.1.0).R3=(0.0.0.1);BN01;Hout LVL;unit;0.098;Gewoonhout Default Project;K00100;LVLS;GWH-01-BN01-MT-01;MT-01;GWH-01;WS198
LVLS 33 Stapelklos;CE-007542-0001;85;75;30;0.0002;1;MP-5-8-0-R0=(1.0.0.0).R1=(0.1.0.0).R2=(0.0.1.0).R3=(0.0.0.1);BN01;Hout LVL;unit;0.098;Gewoonhout Default Project;K00100;LVLS;GWH-01-BN01-MT-01;MT-01;GWH-01;WS198
LVLS 33 Stapelklos;CE-007542-0001;85;75;30;0.0002;1;MP-5-8-0-R0=(1.0.0.0).R1=(0.1.0.0).R2=(0.0.1.0).R3=(0.0.0.1);BN01;Hout LVL;unit;0.098;Gewoonhout Default Project;K00100;LVLS;GWH-01-BN01-MT-01;MT-01;GWH-01;WS198
LVLS 33 Stapelklos;CE-007542-0001;85;75;30;0.0002;1;MP-5-8-0-R0=(1.0.0.0).R1=(0.1.0.0).R2=(0.0.1.0).R3=(0.0.0.1);BN01;Hout LVL;unit;0.098;Gewoonhout Default Project;K00100;LVLS;GWH-01-BN01-MT-01;MT-01;GWH-01;WS198
LVLS 45 Facade Kolomstijl;CE-007168-0002;3122.5;65;45;0.0091333125;1;MC-0-0-1-0-0-1-0-R0=(-1.0.0.-1679).R1=(0.-1.0.2594).R2=(0.0.1.0).R3=(0.0.0.1);BN01;Hout LVL;unit;4.658;Gewoonhout Default Project;K00100;LVLS;GWH-01-BN01-MT-01;MT-01;GWH-01;WS108
MDFO 18 Plafondklep;CE-006118-0001;410;410;18;0.0029826378;1;MP-5-8-0-R0=(1.0.0.0).R1=(0.1.0.0).R2=(0.0.1.0).R3=(0.0.0.1);BN01;Afwerking;unit;1.819;Gewoonhout Default Project;K00100;MDFO;GWH-01-BN01-MT-01;MT-01;GWH-01;WS198
MDFO 18 Plafondklep;CE-006118-0001;410;410;18;0.0029826378;1;MP-5-8-0-R0=(1.0.0.0).R1=(0.1.0.0).R2=(0.0.1.0).R3=(0.0.0.1);BN01;Afwerking;unit;1.819;Gewoonhout Default Project;K00100;MDFO;GWH-01-BN01-MT-01;MT-01;GWH-01;WS198
MDFO 18 Plafondklep;CE-006118-0001;410;410;18;0.0029826378;1;MP-5-8-0-R0=(1.0.0.0).R1=(0.1.0.0).R2=(0.0.1.0).R3=(0.0.0.1);BN01;Afwerking;unit;1.819;Gewoonhout Default Project;K00100;MDFO;GWH-01-BN01-MT-01;MT-01;GWH-01;WS198
MDFO 18 Plafondklep;CE-006118-0001;410;410;18;0.0029826378;1;MP-5-8-0-R0=(1.0.0.0).R1=(0.1.0.0).R2=(0.0.1.0).R3=(0.0.0.1);BN01;Afwerking;unit;1.819;Gewoonhout Default Project;K00100;MDFO;GWH-01-BN01-MT-01;MT-01;GWH-01;WS198
MDF 18 Plafondplaat 5 8 A;CE-005911-0001;3356;1037;18;0.0556005867;1;MP-5-8-0-R0=(1.0.0.0).R1=(0.1.0.0).R2=(0.0.1.0).R3=(0.0.0.1);BN01;Afwerking;unit;33.916;Gewoonhout Default Project;K00100;MDF;GWH-01-BN01-MT-01;MT-01;GWH-01;WS101
SPANO 18 Koppelplaat E;CE-005343-0003;2610;56;18;0.003;1;MC-0-0-1-0-0-1-0-R0=(-1.0.0.-1679).R1=(0.-1.0.2594).R2=(0.0.1.0).R3=(0.0.0.1);BN01;Hout Plaat;unit;2.16;Gewoonhout Default Project;K00100;SPANO;GWH-01-BN01-MT-01;MT-01;GWH-01;WS109
LVLQ 69 Facade Hoekstijl;CE-005163-0001;3030;100;69;0.0204707895;1;MC-0-1-0-0-0-0-0-R0=(0.1.0.-1679).R1=(-1.0.0.-2594).R2=(0.0.1.0).R3=(0.0.0.1);BN01;Hout LVL;unit;10.44;Gewoonhout Default Project;K00100;LVLQ;GWH-01-BN01-MT-01;MT-01;GWH-01;WS108
LVLS 45 Facade Lat 3358;CE-003758-0002;3067.9;65;45;0.0089736075;1;FTB-3358-0-R0=(1.0.0.-1679).R1=(0.0.-1.-2594).R2=(0.1.0.0).R3=(0.0.0.1);BN01;Hout LVL;unit;4.577;Gewoonhout Default Project;K00100;LVLS;GWH-01-BN01-MT-01;MT-01;GWH-01;WS102
LVLS 45 Facade Lat 3358;CE-003758-0002;3067.9;65;45;0.0089736075;1;FTT-3358-0-R0=(1.0.0.-1679).R1=(0.0.-1.-2594).R2=(0.1.0.0).R3=(0.0.0.1);BN01;Hout LVL;unit;4.577;Gewoonhout Default Project;K00100;LVLS;GWH-01-BN01-MT-01;MT-01;GWH-01;WS101
LVLS 45 Facade Lat 5188;CE-003757-0002;4897.9;65;45;0.0143263575;1;FTB-5188-0-R0=(0.0.-1.-1679).R1=(-1.0.0.2594).R2=(0.1.0.0).R3=(0.0.0.1);BN01;Hout LVL;unit;7.306;Gewoonhout Default Project;K00100;LVLS;GWH-01-BN01-MT-01;MT-01;GWH-01;WS102
LVLS 45 Facade Lat 5188;CE-003757-0002;4897.9;65;45;0.0143263575;1;FTT-5188-0-R0=(0.0.-1.-1679).R1=(-1.0.0.2594).R2=(0.1.0.0).R3=(0.0.0.1);BN01;Hout LVL;unit;7.306;Gewoonhout Default Project;K00100;LVLS;GWH-01-BN01-MT-01;MT-01;GWH-01;WS101
LVLS 45 Facade Lat Buitenhoek;CE-003311-0001;210;210;45;0.001035495;1;MC-0-1-0-0-0-0-0-R0=(0.1.0.-1679).R1=(-1.0.0.-2594).R2=(0.0.1.0).R3=(0.0.0.1);BN01;Hout LVL;unit;0.528;Gewoonhout Default Project;K00100;LVLS;GWH-01-BN01-MT-01;MT-01;GWH-01;WS102
LVLS 45 Facade Lat Buitenhoek;CE-003311-0001;210;210;45;0.001035495;1;MC-0-1-0-0-0-0-0-R0=(0.1.0.-1679).R1=(-1.0.0.-2594).R2=(0.0.1.0).R3=(0.0.0.1);BN01;Hout LVL;unit;0.528;Gewoonhout Default Project;K00100;LVLS;GWH-01-BN01-MT-01;MT-01;GWH-01;WS101
LVLS 45 Subbalk Maaiveld Verzwaring 8;CE-001425-0003;4768;254.8;45;0.0536827127;1;MVR-8-3-1-0-R0=(0.-1.0.-1679).R1=(0.0.-1.0).R2=(1.0.0.0).R3=(0.0.0.1);BN01;Hout LVL;unit;27.378;Gewoonhout Default Project;K00100;LVLS;GWH-01-BN01-MT-01;MT-01;GWH-01;WS102
LVLS 45 Plafond Ventilatie Klos;CE-000638-0002;200;70;45;0.00053609;1;fail;BN01;Hout LVL;unit;0.273;Gewoonhout Default Project;K00100;LVLS;GWH-01-BN01-MT-01;MT-01;GWH-01;WS101
LVLS 45 Plafond Ventilatie Klos;CE-000638-0002;200;70;45;0.00053609;1;fail;BN01;Hout LVL;unit;0.273;Gewoonhout Default Project;K00100;LVLS;GWH-01-BN01-MT-01;MT-01;GWH-01;WS101
LVLS 45 Plafond Ventilatie Klos;CE-000638-0002;200;70;45;0.00053609;1;fail;BN01;Hout LVL;unit;0.273;Gewoonhout Default Project;K00100;LVLS;GWH-01-BN01-MT-01;MT-01;GWH-01;WS101
LVLS 45 Plafond Ventilatie Klos;CE-000638-0002;200;70;45;0.00053609;1;fail;BN01;Hout LVL;unit;0.273;Gewoonhout Default Project;K00100;LVLS;GWH-01-BN01-MT-01;MT-01;GWH-01;WS101
LVLS 45 Plafond Ventilatie Klos;CE-000638-0002;200;70;45;0.00053609;1;fail;BN01;Hout LVL;unit;0.273;Gewoonhout Default Project;K00100;LVLS;GWH-01-BN01-MT-01;MT-01;GWH-01;WS101
LVLS 45 Plafond Ventilatie Klos;CE-000638-0002;200;70;45;0.00053609;1;fail;BN01;Hout LVL;unit;0.273;Gewoonhout Default Project;K00100;LVLS;GWH-01-BN01-MT-01;MT-01;GWH-01;WS101
LVLQ 90 Hoofdbalk Maaiveld Woningscheidend 5;CE-000623-0008;3297.6;283;90;0.078932399;1;MVR-5-1-0-0-R0=(0.0.-1.0).R1=(0.1.0.2594).R2=(1.0.0.0).R3=(0.0.0.1);BN01;Hout LVL;unit;40.256;Gewoonhout Default Project;K00100;LVLQ;GWH-01-BN01-MT-01;MT-01;GWH-01;WS102
SPANO 18 Koppelplaat A;CE-000604-0006;2610;309;18;0.015;1;MC-0-0-2-0-0-0-0-R0=(1.0.0.1679).R1=(0.1.0.-2594).R2=(0.0.1.0).R3=(0.0.0.1);BN01;Hout Plaat;unit;10.8;Gewoonhout Default Project;K00100;SPANO;GWH-01-BN01-MT-01;MT-01;GWH-01;WS198
LVLQ 69 Hoofdbalk Plafond Woningscheidend 5;CE-000578-0005;3297.6;266;69;0.0452452443;1;MPR-5-1-0-0-R0=(0.0.-1.0).R1=(0.1.0.2594).R2=(1.0.0.0).R3=(0.0.0.1);BN01;Hout LVL;unit;23.075;Gewoonhout Default Project;K00100;LVLQ;GWH-01-BN01-MT-01;MT-01;GWH-01;WS101
LVLQ 69 Hoofdbalk Plafond Gevel 5;CE-000577-0005;3297.6;266;69;0.046410765;1;MPR-5-0-0-0-R0=(0.0.1.0).R1=(0.-1.0.-2594).R2=(1.0.0.0).R3=(0.0.0.1);BN01;Hout LVL;unit;23.669;Gewoonhout Default Project;K00100;LVLQ;GWH-01-BN01-MT-01;MT-01;GWH-01;WS101
SPANO 18 Plafondbeschot 5 B;CE-000574-0002;3308;1216.6;18;0.0708698579;1;MP-5-8-0-R0=(1.0.0.0).R1=(0.1.0.0).R2=(0.0.1.0).R3=(0.0.0.1);BN01;Hout Plaat;unit;51.026;Gewoonhout Default Project;K00100;SPANO;GWH-01-BN01-MT-01;MT-01;GWH-01;WS107
SPANO 18 Plafondbeschot 5 A;CE-000573-0002;3308;1234.3;18;0.0703471808;1;MP-5-8-0-R0=(1.0.0.0).R1=(0.1.0.0).R2=(0.0.1.0).R3=(0.0.0.1);BN01;Hout Plaat;unit;50.65;Gewoonhout Default Project;K00100;SPANO;GWH-01-BN01-MT-01;MT-01;GWH-01;WS107
SPANO 18 Plafondbeschot 5 8;CE-000572-0002;3308;254.6;18;0.0140087287;1;MP-5-8-0-R0=(1.0.0.0).R1=(0.1.0.0).R2=(0.0.1.0).R3=(0.0.0.1);BN01;Hout Plaat;unit;10.086;Gewoonhout Default Project;K00100;SPANO;GWH-01-BN01-MT-01;MT-01;GWH-01;WS107
CEM 10 Onderplaat 5 B;CE-000569-0004;3348;1248;10;0.0417694683;1;MV-5-8-0-R0=(1.0.0.0).R1=(0.1.0.0).R2=(0.0.1.0).R3=(0.0.0.1);BN01;Hout Plaat;unit;58.477;Gewoonhout Default Project;K00100;CEM;GWH-01-BN01-MT-01;MT-01;GWH-01;WS102
CEM 10 Onderplaat 5 A;CE-000568-0005;3348;1248;10;0.041261063;1;MV-5-8-0-R0=(1.0.0.0).R1=(0.1.0.0).R2=(0.0.1.0).R3=(0.0.0.1);BN01;Hout Plaat;unit;57.765;Gewoonhout Default Project;K00100;CEM;GWH-01-BN01-MT-01;MT-01;GWH-01;WS102
LVLS 45 Subbalk Maaiveld Gevel 8;CE-000565-0009;5188;288;45;0.0619650791;1;MVR-8-3-1-0-R0=(0.-1.0.-1679).R1=(0.0.-1.0).R2=(1.0.0.0).R3=(0.0.0.1);BN01;Hout LVL;unit;31.602;Gewoonhout Default Project;K00100;LVLS;GWH-01-BN01-MT-01;MT-01;GWH-01;WS102
LVLQ 90 Hoofdbalk Maaiveld Gevel 5;CE-000564-0009;3297.6;285;90;0.0789670541;1;MVR-5-0-0-0-R0=(0.0.1.0).R1=(0.-1.0.-2594).R2=(1.0.0.0).R3=(0.0.0.1);BN01;Hout LVL;unit;40.273;Gewoonhout Default Project;K00100;LVLQ;GWH-01-BN01-MT-01;MT-01;GWH-01;WS102
LVLS 45 Subbalk Maaiveld Connectie 8;CE-000563-0009;5188;283;45;0.0595296374;1;MVR-8-2-1-0-R0=(0.1.0.1679).R1=(0.0.1.0).R2=(1.0.0.0).R3=(0.0.0.1);BN01;Hout LVL;unit;30.36;Gewoonhout Default Project;K00100;LVLS;GWH-01-BN01-MT-01;MT-01;GWH-01;WS102
SPANO 18 Vloerklep;CE-000226-0001;505;305;18;0.0030216492;1;fail;BN01;Hout Plaat;unit;2.176;Gewoonhout Default Project;K00100;SPANO;GWH-01-BN01-MT-01;MT-01;GWH-01;WS198
SPANO 18 Vloerklep;CE-000226-0001;505;305;18;0.0030216492;1;fail;BN01;Hout Plaat;unit;2.176;Gewoonhout Default Project;K00100;SPANO;GWH-01-BN01-MT-01;MT-01;GWH-01;WS198
LVLS 45 Subbalk Vloer Midden 8;CE-000135-0006;5031.6;253;45;0.0540298365;1;MV-5-8-0-R0=(1.0.0.0).R1=(0.1.0.0).R2=(0.0.1.0).R3=(0.0.0.1);BN01;Hout LVL;unit;27.555;Gewoonhout Default Project;K00100;LVLS;GWH-01-BN01-MT-01;MT-01;GWH-01;WS102
LVLS 45 Subbalk Vloer Midden 8;CE-000135-0006;5031.6;253;45;0.0540298365;1;MV-5-8-0-R0=(1.0.0.0).R1=(0.1.0.0).R2=(0.0.1.0).R3=(0.0.0.1);BN01;Hout LVL;unit;27.555;Gewoonhout Default Project;K00100;LVLS;GWH-01-BN01-MT-01;MT-01;GWH-01;WS102
LVLS 45 Subbalk Vloer Midden 8;CE-000135-0006;5031.6;253;45;0.0540298365;1;MV-5-8-0-R0=(1.0.0.0).R1=(0.1.0.0).R2=(0.0.1.0).R3=(0.0.0.1);BN01;Hout LVL;unit;27.555;Gewoonhout Default Project;K00100;LVLS;GWH-01-BN01-MT-01;MT-01;GWH-01;WS102
LVLS 45 Subbalk Vloer Midden 8;CE-000135-0006;5031.6;253;45;0.0540298365;1;MV-5-8-0-R0=(1.0.0.0).R1=(0.1.0.0).R2=(0.0.1.0).R3=(0.0.0.1);BN01;Hout LVL;unit;27.555;Gewoonhout Default Project;K00100;LVLS;GWH-01-BN01-MT-01;MT-01;GWH-01;WS102
LVLS 45 Subbalk Vloer Midden 8;CE-000135-0006;5031.6;253;45;0.0540298365;1;MV-5-8-0-R0=(1.0.0.0).R1=(0.1.0.0).R2=(0.0.1.0).R3=(0.0.0.1);BN01;Hout LVL;unit;27.555;Gewoonhout Default Project;K00100;LVLS;GWH-01-BN01-MT-01;MT-01;GWH-01;WS102
LVLS 45 Subbalk Vloer Midden 8;CE-000135-0006;5031.6;253;45;0.0540298365;1;MV-5-8-0-R0=(1.0.0.0).R1=(0.1.0.0).R2=(0.0.1.0).R3=(0.0.0.1);BN01;Hout LVL;unit;27.555;Gewoonhout Default Project;K00100;LVLS;GWH-01-BN01-MT-01;MT-01;GWH-01;WS102
LVLS 45 Subbalk Vloer Midden 8;CE-000135-0006;5031.6;253;45;0.0540298365;1;MV-5-8-0-R0=(1.0.0.0).R1=(0.1.0.0).R2=(0.0.1.0).R3=(0.0.0.1);BN01;Hout LVL;unit;27.555;Gewoonhout Default Project;K00100;LVLS;GWH-01-BN01-MT-01;MT-01;GWH-01;WS102
LVLS 45 Subbalk Plafond Midden 8;CE-000125-0007;5073.6;194;45;0.0407348165;1;MP-5-8-0-R0=(1.0.0.0).R1=(0.1.0.0).R2=(0.0.1.0).R3=(0.0.0.1);BN01;Hout LVL;unit;20.775;Gewoonhout Default Project;K00100;LVLS;GWH-01-BN01-MT-01;MT-01;GWH-01;WS101
LVLS 45 Subbalk Plafond Midden 8;CE-000125-0007;5073.6;194;45;0.0407348165;1;MP-5-8-0-R0=(1.0.0.0).R1=(0.1.0.0).R2=(0.0.1.0).R3=(0.0.0.1);BN01;Hout LVL;unit;20.775;Gewoonhout Default Project;K00100;LVLS;GWH-01-BN01-MT-01;MT-01;GWH-01;WS101
LVLS 45 Subbalk Plafond Midden 8;CE-000125-0007;5073.6;194;45;0.0407348165;1;MP-5-8-0-R0=(1.0.0.0).R1=(0.1.0.0).R2=(0.0.1.0).R3=(0.0.0.1);BN01;Hout LVL;unit;20.775;Gewoonhout Default Project;K00100;LVLS;GWH-01-BN01-MT-01;MT-01;GWH-01;WS101
LVLS 45 Subbalk Plafond Midden 8;CE-000125-0007;5073.6;194;45;0.0407348165;1;MP-5-8-0-R0=(1.0.0.0).R1=(0.1.0.0).R2=(0.0.1.0).R3=(0.0.0.1);BN01;Hout LVL;unit;20.775;Gewoonhout Default Project;K00100;LVLS;GWH-01-BN01-MT-01;MT-01;GWH-01;WS101
LVLS 45 Subbalk Plafond Gevel 8;CE-000123-0008;5188;266;45;0.0493463806;1;MPR-8-3-1-0-R0=(0.-1.0.-1679).R1=(0.0.-1.0).R2=(1.0.0.0).R3=(0.0.0.1);BN01;Hout LVL;unit;25.167;Gewoonhout Default Project;K00100;LVLS;GWH-01-BN01-MT-01;MT-01;GWH-01;WS101
LVLS 45 Subbalk Plafond Connectie 8;CE-000121-0014;5188;266;45;0.0454763876;1;MPR-8-2-1-0-R0=(0.1.0.1679).R1=(0.0.1.0).R2=(1.0.0.0).R3=(0.0.0.1);BN01;Hout LVL;unit;23.193;Gewoonhout Default Project;K00100;LVLS;GWH-01-BN01-MT-01;MT-01;GWH-01;WS101
LVLS 45 Meterkastblok;CE-000115-0002;345;233;45;0.0040725;1;fail;BN01;Hout LVL;unit;2.077;Gewoonhout Default Project;K00100;LVLS;GWH-01-BN01-MT-01;MT-01;GWH-01;WS102
LVLQ 144 Kolom B;CE-000031-0006;3124;145;144;0.059;1;MP-5-8-0-R0=(1.0.0.0).R1=(0.1.0.0).R2=(0.0.1.0).R3=(0.0.0.1);BN01;Hout LVL;unit;30.09;Gewoonhout Default Project;K00100;LVLQ;GWH-01-BN01-MT-01;MT-01;GWH-01;WS102
LVLQ 144 Kolom B;CE-000031-0006;3124;145;144;0.059;1;MP-5-8-0-R0=(1.0.0.0).R1=(0.1.0.0).R2=(0.0.1.0).R3=(0.0.0.1);BN01;Hout LVL;unit;30.09;Gewoonhout Default Project;K00100;LVLQ;GWH-01-BN01-MT-01;MT-01;GWH-01;WS102
LVLQ 144 Kolom A;CE-000030-0006;3124;145;144;0.059;1;MP-5-8-0-R0=(1.0.0.0).R1=(0.1.0.0).R2=(0.0.1.0).R3=(0.0.0.1);BN01;Hout LVL;unit;30.09;Gewoonhout Default Project;K00100;LVLQ;GWH-01-BN01-MT-01;MT-01;GWH-01;WS102
LVLQ 144 Kolom A;CE-000030-0006;3124;145;144;0.059;1;MP-5-8-0-R0=(1.0.0.0).R1=(0.1.0.0).R2=(0.0.1.0).R3=(0.0.0.1);BN01;Hout LVL;unit;30.09;Gewoonhout Default Project;K00100;LVLQ;GWH-01-BN01-MT-01;MT-01;GWH-01;WS102
